voter_id,party,age_group,education,income_bracket,race,political_engagement,trust_institutions,voted_2020,ideology_score
1,Republican,45-64,HS,60-100k,Hispanic,86.8,62.6,TRUE,2.9
2,Republican,30-44,Graduate,60-100k,White,37.7,54.5,TRUE,3.7
3,Democrat,45-64,HS,<30k,Hispanic,67.9,21.3,FALSE,2.8
4,Democrat,45-64,HS,30-60k,Black,29.8,22.9,FALSE,5.4
5,Democrat,45-64,Some College,>100k,Other,76.2,32,TRUE,4.9
6,Republican,65+,HS,<30k,White,50.3,70.6,TRUE,5.8
7,Republican,45-64,Graduate,30-60k,White,40.5,57.9,FALSE,4.2
8,Democrat,18-29,HS,60-100k,Hispanic,35.2,31.6,TRUE,3.7
9,Other,30-44,College,>100k,White,6.6,33.4,TRUE,3.9
10,Democrat,45-64,College,60-100k,Hispanic,69.6,37.2,TRUE,2.6
11,Democrat,65+,Some College,>100k,Black,19,51.5,FALSE,5.2
12,Independent,65+,Graduate,60-100k,White,41.6,35.5,TRUE,3.9
13,Republican,30-44,College,<30k,Hispanic,35.8,41,TRUE,6.1
14,Independent,30-44,HS,>100k,White,0,48.5,TRUE,4
15,Republican,45-64,HS,60-100k,Black,44.9,29.1,FALSE,2.1
16,Republican,30-44,College,<30k,White,22.5,62.3,TRUE,5.1
17,Democrat,45-64,Graduate,60-100k,Hispanic,65.8,33.6,FALSE,6.2
18,Republican,45-64,Graduate,60-100k,White,80.7,32.4,TRUE,5.5
19,Republican,45-64,Some College,60-100k,White,15.9,54.6,TRUE,3.2
20,Democrat,65+,Graduate,>100k,Black,63.8,43.6,FALSE,3
21,Independent,45-64,HS,60-100k,White,23.2,70.3,TRUE,6.1
22,Republican,65+,HS,>100k,White,29.6,49.5,TRUE,2.1
23,Democrat,30-44,College,<30k,Asian,0,10.5,FALSE,3.2
24,Independent,18-29,HS,<30k,Asian,90.9,49.6,FALSE,5.9
25,Democrat,18-29,Some College,<30k,White,17,37,FALSE,5
26,Democrat,18-29,HS,>100k,Black,41.5,32.7,TRUE,7
27,Republican,30-44,Graduate,<30k,White,53.8,71.5,TRUE,4.2
28,Independent,45-64,HS,30-60k,Hispanic,36.2,37.4,TRUE,3.2
29,Other,18-29,College,>100k,Hispanic,40.8,35.7,TRUE,4.3
30,Other,65+,Graduate,60-100k,Hispanic,62.6,6.1,FALSE,2.8
31,Republican,30-44,HS,>100k,White,72.6,32.9,FALSE,1.1
32,Democrat,65+,Graduate,<30k,White,70.6,19.2,TRUE,2.8
33,Republican,65+,Some College,60-100k,Black,63.9,100,FALSE,6.1
34,Republican,30-44,HS,60-100k,White,71.1,51.7,TRUE,3.5
35,Democrat,65+,Some College,>100k,Asian,20.4,46.5,FALSE,3
36,Republican,45-64,Some College,60-100k,White,52.4,78.7,FALSE,4.1
37,Republican,45-64,College,60-100k,White,100,0,TRUE,4.5
38,Democrat,65+,HS,<30k,White,36.9,13.7,TRUE,4.3
39,Other,45-64,Graduate,<30k,White,57.9,45.2,FALSE,3.5
40,Republican,65+,Graduate,>100k,Black,49.7,34.6,FALSE,4.7
41,Republican,30-44,Graduate,30-60k,White,17.3,57.2,FALSE,3.6
42,Democrat,45-64,Some College,30-60k,White,43.3,76.3,TRUE,5.3
43,Independent,65+,Graduate,>100k,White,65,7.3,TRUE,5.2
44,Democrat,65+,Graduate,<30k,White,77,24.8,TRUE,7
45,Independent,18-29,College,>100k,Hispanic,18.6,29.3,TRUE,6.3
46,Republican,18-29,HS,>100k,White,55.3,51,TRUE,7
47,Democrat,18-29,Some College,>100k,White,63.1,36.3,TRUE,5.2
48,Democrat,30-44,College,60-100k,White,24.7,56.5,FALSE,4.3
49,Democrat,18-29,Graduate,>100k,White,39.5,71.9,TRUE,2.3
50,Republican,65+,Graduate,>100k,Asian,30.2,46.1,TRUE,4.8
51,Democrat,18-29,Some College,<30k,White,59.6,33.2,TRUE,5.2
52,Democrat,30-44,College,60-100k,White,16.8,37.6,TRUE,4.7
53,Republican,65+,Graduate,>100k,Asian,15.3,68.6,FALSE,3.1
54,Democrat,30-44,HS,60-100k,White,43.8,58.3,TRUE,3.1
55,Independent,30-44,College,>100k,Black,32.4,32,FALSE,4.2
56,Republican,45-64,College,60-100k,White,62.4,80.8,TRUE,4
57,Democrat,30-44,Some College,60-100k,White,32.1,99.6,TRUE,4.2
58,Independent,30-44,HS,60-100k,White,37.1,68.1,FALSE,7
59,Republican,45-64,Some College,60-100k,White,81.3,30.4,TRUE,4.5
60,Republican,18-29,College,60-100k,White,55,47.9,FALSE,2.7
61,Independent,18-29,College,60-100k,White,70,69.2,FALSE,3.6
62,Republican,30-44,Graduate,<30k,White,48,24.7,TRUE,3.8
63,Democrat,65+,HS,60-100k,Asian,54.3,71.5,TRUE,6.8
64,Independent,18-29,HS,>100k,White,77.4,74.3,TRUE,3.4
65,Republican,65+,Some College,30-60k,Hispanic,38.4,48,TRUE,2.4
66,Republican,65+,Some College,30-60k,White,47.8,58.2,TRUE,3.2
67,Republican,45-64,HS,>100k,White,67.8,55.1,TRUE,2.6
68,Democrat,30-44,HS,30-60k,Hispanic,58.4,56.3,FALSE,4
69,Republican,45-64,Some College,30-60k,White,91.7,67,TRUE,3.3
70,Independent,30-44,Some College,30-60k,White,18.2,40.3,TRUE,2.5
71,Republican,18-29,Graduate,30-60k,White,69.3,61.4,TRUE,4.9
72,Democrat,45-64,Some College,60-100k,Black,40.9,87.4,FALSE,5.1
73,Republican,45-64,College,>100k,White,59.2,21.2,TRUE,4
74,Republican,65+,HS,30-60k,White,18.7,42.9,FALSE,3
75,Republican,30-44,Graduate,<30k,White,69.1,30.7,TRUE,2.6
76,Independent,45-64,HS,>100k,White,39,13.4,FALSE,1.3
77,Republican,45-64,College,30-60k,White,30.9,28.3,TRUE,4.1
78,Democrat,65+,HS,<30k,Asian,28,43,TRUE,3.6
79,Democrat,30-44,College,60-100k,White,60.3,33.4,TRUE,3.3
80,Other,45-64,Graduate,<30k,White,58.7,32.6,FALSE,4.6
81,Republican,18-29,Graduate,60-100k,Black,76.9,61.6,FALSE,5.2
82,Republican,30-44,College,>100k,White,56.4,60.3,TRUE,4.8
83,Independent,18-29,Graduate,60-100k,Hispanic,3,2.3,TRUE,3.7
84,Other,30-44,Graduate,>100k,White,42.3,65.3,TRUE,2.4
85,Democrat,45-64,Graduate,<30k,White,68,25.3,FALSE,5.2
86,Republican,30-44,Some College,>100k,White,14,35.9,TRUE,3.9
87,Republican,18-29,HS,30-60k,Hispanic,32.4,53.1,TRUE,3.7
88,Democrat,18-29,Some College,30-60k,Black,37.8,32.5,TRUE,3.9
89,Independent,45-64,Some College,>100k,Black,11.4,17.5,TRUE,1.8
90,Republican,18-29,Some College,30-60k,White,29.6,0,TRUE,4.2
91,Democrat,65+,Graduate,60-100k,Hispanic,64.7,10.8,TRUE,3.5
92,Other,18-29,College,<30k,White,84.8,21.7,TRUE,6.6
93,Independent,45-64,Some College,>100k,White,64.1,55.6,TRUE,2.5
94,Independent,30-44,Graduate,60-100k,White,23.6,26.2,TRUE,4.8
95,Other,65+,College,<30k,White,14.4,32.1,TRUE,4
96,Independent,30-44,Graduate,>100k,Hispanic,45.6,78.4,TRUE,4.8
97,Independent,30-44,Some College,>100k,White,32,61.9,TRUE,6.1
98,Democrat,30-44,Graduate,>100k,White,89.2,29.8,TRUE,1
99,Independent,65+,Some College,30-60k,Black,42.6,41.1,TRUE,2.4
100,Republican,65+,HS,<30k,White,62.2,33.6,FALSE,4.8
101,Independent,18-29,College,30-60k,Black,39.5,51.2,FALSE,3
102,Democrat,65+,Some College,<30k,White,53,56.8,FALSE,1.1
103,Republican,65+,HS,<30k,White,55.4,7.9,FALSE,5.7
104,Republican,45-64,Graduate,30-60k,White,46.1,73.6,TRUE,1
105,Independent,45-64,College,30-60k,Asian,56.4,47.8,FALSE,3.3
106,Democrat,45-64,Graduate,<30k,Black,33.1,65,TRUE,4.6
107,Democrat,45-64,College,60-100k,White,30.5,48.1,FALSE,4.4
108,Republican,65+,HS,60-100k,Hispanic,48.7,55.1,TRUE,5.4
109,Independent,18-29,College,30-60k,White,36.9,66.5,TRUE,5
110,Republican,65+,HS,30-60k,Black,61.3,65.9,TRUE,1
111,Republican,65+,HS,60-100k,Other,81.8,31,TRUE,1.5
112,Democrat,45-64,College,>100k,White,41.1,69.6,TRUE,1.8
113,Other,65+,Graduate,30-60k,Black,33.2,21.6,TRUE,6.9
114,Other,30-44,College,30-60k,White,44.3,40.1,TRUE,3.3
115,Democrat,45-64,Graduate,60-100k,White,35.8,0,TRUE,1
116,Republican,30-44,Some College,<30k,White,56.4,77,TRUE,2.2
117,Democrat,30-44,HS,<30k,Asian,13.6,31,TRUE,4.3
118,Republican,45-64,Graduate,60-100k,White,72,47.8,TRUE,5.6
119,Democrat,18-29,Graduate,60-100k,Black,48.7,51.9,TRUE,5.8
120,Other,45-64,College,30-60k,Black,59,58.9,FALSE,5.9
121,Other,45-64,Graduate,>100k,White,61.7,30.9,TRUE,5.6
122,Republican,45-64,HS,30-60k,White,81.9,5.9,TRUE,3.9
123,Republican,18-29,HS,60-100k,Black,30.7,55.4,TRUE,5.6
124,Republican,18-29,Some College,>100k,White,40.8,46.5,TRUE,1.9
125,Democrat,45-64,Some College,30-60k,White,59.6,71.2,TRUE,4.5
126,Republican,45-64,Some College,30-60k,White,24.7,57.2,TRUE,2.2
127,Independent,18-29,Some College,>100k,White,54.8,35.5,TRUE,3.2
128,Democrat,18-29,Graduate,60-100k,Black,55.6,17.8,TRUE,4
129,Republican,18-29,HS,<30k,White,80.2,38.6,TRUE,7
130,Democrat,45-64,Some College,>100k,White,43.9,27.9,FALSE,1
131,Republican,30-44,Graduate,>100k,Hispanic,62.1,60.4,TRUE,6.7
132,Democrat,45-64,College,30-60k,White,76.9,28.8,TRUE,3.9
133,Other,30-44,HS,>100k,White,41,21.8,TRUE,2.3
134,Independent,45-64,HS,30-60k,White,46.8,37.7,TRUE,1.1
135,Independent,30-44,Some College,>100k,White,54,73.7,TRUE,3.6
136,Democrat,65+,Some College,60-100k,Hispanic,49.3,46.7,TRUE,4.3
137,Republican,65+,Some College,30-60k,Asian,28.9,58.7,FALSE,2.8
138,Independent,45-64,Graduate,60-100k,Hispanic,45.6,41.8,TRUE,4.5
139,Independent,65+,College,<30k,White,88.4,25.9,TRUE,6.8
140,Republican,45-64,Graduate,30-60k,White,48.8,33.1,TRUE,1.9
141,Republican,30-44,Graduate,60-100k,Other,49.4,62,FALSE,2.2
142,Democrat,18-29,HS,<30k,White,31.8,44.7,FALSE,2.6
143,Democrat,30-44,College,<30k,Hispanic,52.1,18,FALSE,5
144,Democrat,30-44,HS,<30k,Other,41.9,19.3,TRUE,6.7
145,Independent,30-44,Graduate,30-60k,White,64.3,61.8,TRUE,3.7
146,Independent,65+,College,30-60k,Other,42.8,65.6,TRUE,4.3
147,Republican,30-44,College,60-100k,White,22.6,68.6,FALSE,2.8
148,Republican,65+,Graduate,30-60k,Hispanic,40.8,34.4,TRUE,2.9
149,Republican,65+,College,30-60k,White,73.5,43.2,TRUE,6.1
150,Other,18-29,HS,>100k,White,25.1,59.8,TRUE,4.3
151,Other,18-29,College,>100k,Black,60.4,52.6,TRUE,5.1
152,Independent,30-44,Graduate,60-100k,Other,54.9,65.3,FALSE,4.9
153,Republican,65+,Some College,>100k,Black,36.4,57.2,TRUE,2.6
154,Republican,65+,HS,<30k,White,14.1,45.9,FALSE,4.4
155,Republican,45-64,College,60-100k,White,63.9,29,TRUE,2.3
156,Republican,45-64,Graduate,>100k,White,86.8,47,FALSE,4.4
157,Republican,45-64,Some College,30-60k,White,55.4,40.1,TRUE,6.5
158,Republican,18-29,Graduate,<30k,Black,38.7,16.5,FALSE,3.7
159,Republican,18-29,College,<30k,Black,30.2,64,TRUE,2.5
160,Democrat,30-44,Some College,>100k,Hispanic,29.3,72.9,FALSE,3.5
161,Democrat,30-44,HS,<30k,White,59.6,5.3,TRUE,4.6
162,Democrat,30-44,College,<30k,White,64.4,26.3,TRUE,6.1
163,Democrat,30-44,College,60-100k,Other,47.8,58.7,FALSE,2.7
164,Independent,30-44,HS,<30k,White,66.8,79.7,TRUE,2.2
165,Independent,30-44,Graduate,>100k,White,56.3,49.4,TRUE,2.7
166,Independent,30-44,Graduate,>100k,Hispanic,34.7,50.1,TRUE,3.5
167,Democrat,45-64,Graduate,60-100k,White,65.7,67.9,TRUE,4.9
168,Republican,65+,HS,30-60k,Black,26.8,49,TRUE,4.7
169,Other,18-29,College,>100k,White,65.4,37.8,TRUE,7
170,Independent,18-29,Some College,60-100k,Black,68.8,43.6,TRUE,3.2
171,Republican,45-64,HS,30-60k,White,31.8,36.4,FALSE,4.9
172,Republican,18-29,Some College,30-60k,White,49.5,54.1,TRUE,2.6
173,Republican,65+,Graduate,<30k,Hispanic,26.1,0,FALSE,5.9
174,Democrat,18-29,Graduate,>100k,White,56.7,71.3,TRUE,4.4
175,Other,45-64,Graduate,30-60k,Hispanic,66.3,50.2,FALSE,5.5
176,Republican,45-64,Graduate,30-60k,Asian,40,52.6,TRUE,4
177,Republican,65+,Graduate,<30k,Hispanic,95.8,23.9,TRUE,5.8
178,Democrat,45-64,Some College,60-100k,Asian,41.5,50.4,TRUE,3.7
179,Independent,18-29,Graduate,>100k,White,33.8,60,FALSE,5.8
180,Independent,30-44,HS,60-100k,Asian,64.2,51.8,FALSE,2.1
181,Democrat,18-29,College,>100k,Hispanic,89.7,37.1,TRUE,5.6
182,Republican,18-29,Some College,30-60k,White,43.5,58.2,TRUE,3.5
183,Independent,30-44,HS,60-100k,Hispanic,24.2,29.4,TRUE,5.8
184,Republican,45-64,College,30-60k,White,49.5,40.3,TRUE,2.3
185,Democrat,45-64,Graduate,<30k,Asian,90.8,81.6,TRUE,4.6
186,Republican,45-64,HS,30-60k,White,61.1,59.6,TRUE,4.7
187,Democrat,30-44,HS,<30k,Asian,87.5,33.6,TRUE,3.8
188,Republican,45-64,HS,30-60k,White,82.4,61,FALSE,4
189,Republican,30-44,HS,>100k,White,46.9,46.2,TRUE,3.8
190,Republican,30-44,Some College,>100k,White,66.7,49.4,TRUE,4.4
191,Other,45-64,Graduate,30-60k,White,61.5,50.9,TRUE,4.4
192,Independent,45-64,College,30-60k,White,55.7,60.3,FALSE,2.8
193,Democrat,65+,Graduate,<30k,White,26.3,60.4,FALSE,3.7
194,Republican,45-64,College,<30k,White,50,32.6,FALSE,4.1
195,Independent,30-44,Some College,60-100k,White,55.5,22.4,TRUE,5.2
196,Independent,18-29,Graduate,>100k,Hispanic,53.4,49.3,FALSE,3
197,Independent,30-44,College,30-60k,White,57.9,23.1,TRUE,4.3
198,Independent,18-29,HS,<30k,White,58.5,51.5,TRUE,7
199,Democrat,30-44,HS,>100k,Hispanic,83.2,70.8,FALSE,5.3
200,Democrat,30-44,Graduate,30-60k,White,63.6,51.8,FALSE,1
201,Republican,30-44,Graduate,<30k,White,32.8,23.1,TRUE,3.2
202,Republican,65+,Graduate,60-100k,Asian,69.2,18.5,FALSE,6.5
203,Republican,45-64,College,60-100k,White,59.2,18,TRUE,4.9
204,Democrat,18-29,Some College,60-100k,Hispanic,58.3,67.5,FALSE,2.4
205,Independent,45-64,Graduate,>100k,Black,37.9,68.3,TRUE,7
206,Republican,45-64,HS,<30k,Asian,46.8,13.6,TRUE,3.3
207,Democrat,65+,Some College,60-100k,White,31.7,67.1,TRUE,7
208,Independent,65+,Some College,<30k,White,60.4,62.6,TRUE,1.9
209,Democrat,30-44,HS,>100k,White,39.9,45,FALSE,3.7
210,Democrat,65+,Some College,<30k,Hispanic,40,22.2,TRUE,4
211,Republican,45-64,Some College,30-60k,Asian,32.3,30,TRUE,2.5
212,Republican,45-64,HS,<30k,White,68.6,3.8,TRUE,5
213,Independent,18-29,HS,60-100k,Black,52.5,33.6,TRUE,5.4
214,Republican,18-29,HS,>100k,White,62.6,60.4,FALSE,3.2
215,Independent,65+,Graduate,60-100k,White,73.5,77.7,FALSE,2.9
216,Democrat,45-64,Some College,30-60k,Black,57.3,8.3,TRUE,4.2
217,Republican,18-29,Graduate,30-60k,White,49.3,40.3,TRUE,2.6
218,Independent,45-64,Graduate,<30k,Black,71.4,28.6,FALSE,3.6
219,Independent,30-44,Some College,30-60k,White,31.6,12,TRUE,2
220,Republican,18-29,Graduate,60-100k,White,77.3,27.6,TRUE,4.6
221,Democrat,30-44,HS,>100k,White,63.8,61.3,TRUE,1
222,Independent,45-64,Some College,60-100k,Hispanic,71.3,32.8,FALSE,4.8
223,Democrat,30-44,Some College,60-100k,White,74.4,72.3,FALSE,6.4
224,Democrat,30-44,HS,>100k,White,49.3,49.3,FALSE,4.8
225,Republican,30-44,Some College,>100k,White,49.7,27.4,TRUE,2.4
226,Republican,45-64,Graduate,30-60k,Black,32.7,49.1,TRUE,3.5
227,Independent,65+,HS,60-100k,Hispanic,32,56.2,TRUE,4.7
228,Independent,18-29,Some College,30-60k,Asian,40.1,53.2,TRUE,4.9
229,Republican,65+,Some College,60-100k,Black,73.1,14.1,TRUE,5.6
230,Independent,45-64,College,<30k,White,31.5,37.1,TRUE,4.5
231,Independent,18-29,College,<30k,Asian,33.2,52.3,TRUE,2.8
232,Republican,65+,Graduate,<30k,Hispanic,50.4,72.7,TRUE,2.9
233,Republican,30-44,College,60-100k,Hispanic,69.5,56.3,TRUE,4.3
234,Other,18-29,HS,60-100k,White,15,42.1,TRUE,2.9
235,Democrat,30-44,Some College,60-100k,Black,53.9,68.9,TRUE,3.1
236,Independent,18-29,HS,30-60k,White,59.6,48.5,TRUE,2.8
237,Independent,45-64,College,60-100k,White,65.8,50.9,TRUE,4.8
238,Republican,45-64,HS,<30k,White,56.9,45.8,TRUE,5
239,Democrat,65+,HS,>100k,White,45.1,29.5,TRUE,1.8
240,Democrat,45-64,College,>100k,White,66.3,43.7,TRUE,3.9
241,Democrat,18-29,Graduate,>100k,Other,39.3,77.3,FALSE,4.5
242,Independent,45-64,HS,30-60k,White,34.9,51.4,TRUE,5.8
243,Republican,65+,College,<30k,White,49.5,47.3,TRUE,4.9
244,Republican,45-64,Graduate,>100k,White,56,33.3,FALSE,3.6
245,Republican,45-64,Some College,>100k,Black,38,44.6,TRUE,1
246,Republican,45-64,Some College,60-100k,Black,31.4,30,FALSE,2.1
247,Independent,18-29,Graduate,30-60k,Hispanic,77.6,67.7,FALSE,3.5
248,Republican,18-29,Some College,30-60k,White,50.9,55.7,TRUE,3.7
249,Other,65+,Some College,60-100k,White,37,56.7,TRUE,5.2
250,Democrat,65+,Graduate,<30k,White,72.8,50,FALSE,1.8
251,Independent,30-44,Graduate,<30k,Hispanic,29.8,42.8,FALSE,4.8
252,Republican,18-29,HS,>100k,White,53.6,27.4,TRUE,5.6
253,Independent,30-44,Graduate,30-60k,Hispanic,64,31.7,FALSE,5.8
254,Democrat,18-29,Graduate,60-100k,Hispanic,85.3,51,FALSE,6.1
255,Republican,30-44,HS,60-100k,White,69.1,80.1,TRUE,3.8
256,Democrat,30-44,Some College,60-100k,White,83.9,70.9,FALSE,4.7
257,Democrat,45-64,College,>100k,White,22.4,21.6,TRUE,2.2
258,Republican,18-29,Graduate,<30k,White,42.6,29.7,TRUE,6.9
259,Other,18-29,Graduate,<30k,White,73.6,34.3,TRUE,3.8
260,Republican,30-44,Graduate,<30k,Hispanic,86.6,0,TRUE,4.7
261,Independent,45-64,College,30-60k,Black,30,47,TRUE,4.2
262,Democrat,65+,HS,60-100k,White,24.5,91.3,FALSE,3.6
263,Independent,65+,College,60-100k,White,48.5,29.2,TRUE,2.7
264,Independent,65+,Some College,>100k,White,61.1,34.3,TRUE,6.2
265,Independent,65+,Graduate,30-60k,White,47.9,66.1,TRUE,2.2
266,Republican,30-44,HS,>100k,White,71.8,45.6,TRUE,3.2
267,Republican,18-29,HS,<30k,Hispanic,24.3,35.6,FALSE,4.9
268,Republican,18-29,Some College,30-60k,Black,34.4,86.3,TRUE,5.4
269,Independent,45-64,Some College,<30k,Black,40.7,36.4,FALSE,4.3
270,Democrat,18-29,College,<30k,Black,74,52.2,TRUE,7
271,Republican,45-64,HS,>100k,White,35.1,45.4,FALSE,3.4
272,Independent,30-44,Graduate,60-100k,White,48.9,45.7,TRUE,5.4
273,Independent,18-29,HS,30-60k,Black,92.4,48.8,TRUE,2.8
274,Democrat,18-29,Some College,30-60k,Black,48,56.2,FALSE,7
275,Independent,30-44,College,>100k,Hispanic,53.3,46,FALSE,3.7
276,Democrat,45-64,College,30-60k,White,11.2,49.1,TRUE,7
277,Democrat,18-29,Graduate,>100k,White,93.2,48.6,TRUE,4.5
278,Democrat,30-44,College,30-60k,Black,67.7,34.1,TRUE,4.7
279,Democrat,18-29,HS,60-100k,White,44.7,26,TRUE,4.1
280,Republican,45-64,Graduate,30-60k,White,7.1,6,FALSE,5.5
281,Independent,30-44,Graduate,30-60k,White,75.5,54.1,FALSE,2.4
282,Republican,30-44,HS,>100k,White,32.5,58.7,TRUE,7
283,Republican,45-64,Graduate,30-60k,Asian,62.5,70.2,FALSE,4
284,Republican,45-64,HS,<30k,White,80.6,48.1,TRUE,4.7
285,Republican,65+,Some College,60-100k,White,27.2,17.3,TRUE,2.9
286,Democrat,45-64,HS,30-60k,Other,55.9,100,FALSE,5.1
287,Independent,30-44,College,<30k,White,47.8,13,TRUE,1.6
288,Democrat,45-64,Graduate,>100k,White,49.5,91.5,FALSE,5.8
289,Republican,18-29,Some College,60-100k,White,57.3,34.9,TRUE,6.1
290,Democrat,18-29,Some College,>100k,Hispanic,38.6,12.7,TRUE,5.3
291,Democrat,18-29,College,>100k,White,63.3,17.7,FALSE,4.7
292,Republican,30-44,Graduate,<30k,White,34.8,40,FALSE,5
293,Republican,18-29,Graduate,30-60k,White,76.3,25.7,FALSE,3.1
294,Republican,30-44,College,<30k,Hispanic,52.2,15.8,FALSE,6.8
295,Republican,18-29,College,<30k,Hispanic,43,42,TRUE,3.5
296,Independent,45-64,College,<30k,White,36.6,0,TRUE,5.3
297,Independent,65+,College,30-60k,White,63.4,70.8,TRUE,2.2
298,Independent,45-64,College,60-100k,White,63.6,79.3,TRUE,4.1
299,Independent,30-44,Graduate,>100k,White,61.2,56.7,TRUE,5.1
300,Democrat,30-44,Some College,60-100k,White,39.2,61.5,TRUE,4.5
301,Democrat,30-44,Some College,30-60k,White,50.6,58.9,FALSE,3.3
302,Independent,18-29,Graduate,60-100k,Black,73.4,69.7,TRUE,1.9
303,Republican,45-64,Graduate,30-60k,Hispanic,35.6,53.9,TRUE,1.6
304,Republican,18-29,HS,60-100k,White,54.4,79.8,FALSE,1.9
305,Democrat,45-64,HS,>100k,Black,30.4,56.5,TRUE,3.3
306,Independent,18-29,HS,30-60k,White,31.7,14.2,FALSE,5.1
307,Independent,45-64,College,<30k,Hispanic,30.7,45.8,FALSE,3.4
308,Democrat,30-44,Graduate,30-60k,White,77.9,61.2,FALSE,4.7
309,Democrat,30-44,College,>100k,White,56.3,65.2,TRUE,3.1
310,Democrat,65+,Some College,60-100k,Hispanic,73.1,25.8,TRUE,2.4
311,Democrat,65+,Graduate,<30k,White,28.4,32,TRUE,3.8
312,Independent,30-44,HS,<30k,White,69,65.4,FALSE,2.1
313,Independent,45-64,HS,60-100k,Black,87.7,39.7,TRUE,1.1
314,Republican,45-64,HS,>100k,Asian,48.6,40.5,FALSE,7
315,Independent,45-64,HS,60-100k,Asian,81.5,68.9,TRUE,4.3
316,Independent,18-29,HS,>100k,Black,41.3,62.8,FALSE,3.8
317,Independent,45-64,HS,60-100k,White,50.4,47.8,TRUE,5.1
318,Republican,45-64,Some College,60-100k,Hispanic,26.4,22,FALSE,3.4
319,Democrat,65+,College,30-60k,White,42.8,71.2,TRUE,2
320,Republican,30-44,HS,>100k,Hispanic,67.9,38.8,TRUE,5.3
321,Independent,18-29,Graduate,30-60k,White,11.8,48.2,TRUE,4.8
322,Other,45-64,HS,<30k,Black,59.6,100,TRUE,5.6
323,Republican,65+,College,<30k,White,55.6,31.7,TRUE,2
324,Independent,18-29,College,60-100k,Hispanic,73.4,43.7,TRUE,3.5
325,Republican,18-29,Graduate,<30k,Hispanic,69.8,63,TRUE,3.3
326,Republican,65+,Graduate,30-60k,White,65.1,19.1,TRUE,1.3
327,Independent,65+,Graduate,60-100k,Other,27.1,17.2,TRUE,1.5
328,Republican,65+,Some College,60-100k,Black,70.3,0,TRUE,2.9
329,Democrat,18-29,College,<30k,White,46.6,53.8,TRUE,2.5
330,Republican,65+,HS,<30k,White,45.7,68,FALSE,4.3
331,Republican,18-29,College,>100k,White,44.7,54.1,TRUE,4.6
332,Republican,30-44,HS,60-100k,Hispanic,37.3,0,TRUE,5.4
333,Independent,18-29,College,<30k,White,86.4,26.9,TRUE,4.3
334,Democrat,65+,Graduate,30-60k,Black,47.4,48.7,TRUE,3.4
335,Democrat,45-64,College,30-60k,Hispanic,43.3,48.7,TRUE,6.4
336,Democrat,18-29,HS,<30k,Hispanic,37.1,68,FALSE,2
337,Democrat,65+,Graduate,>100k,White,56.4,78.1,TRUE,2
338,Democrat,30-44,Some College,60-100k,White,62.1,45.1,FALSE,2.5
339,Independent,45-64,Some College,>100k,White,75.8,45.7,FALSE,3.2
340,Independent,18-29,HS,30-60k,White,81.9,33.7,TRUE,4.4
341,Republican,65+,HS,<30k,White,33.9,81.7,TRUE,4.9
342,Republican,65+,HS,60-100k,Black,41.7,54.9,FALSE,2.1
343,Other,18-29,Some College,30-60k,Hispanic,66.5,23.6,FALSE,4.3
344,Republican,18-29,Some College,30-60k,Black,27.5,82.7,FALSE,4.7
345,Independent,30-44,Some College,>100k,White,56.5,63,TRUE,4.1
346,Independent,45-64,Some College,60-100k,White,32.4,55.8,TRUE,2.7
347,Independent,30-44,Some College,30-60k,White,78.6,81.9,TRUE,5.4
348,Republican,18-29,College,60-100k,Hispanic,33.5,70.1,TRUE,2.7
349,Other,65+,College,>100k,White,28.3,68.8,TRUE,4.9
350,Republican,30-44,Some College,<30k,White,53.4,91.2,TRUE,3.6
351,Democrat,18-29,Some College,>100k,White,58.5,53.7,FALSE,4.3
352,Democrat,18-29,Some College,<30k,White,53.3,7.8,TRUE,4.5
353,Other,45-64,College,<30k,Hispanic,81.9,21.8,TRUE,4.8
354,Democrat,65+,Some College,60-100k,Other,57.2,52.5,FALSE,3.5
355,Independent,45-64,College,60-100k,Black,45.1,37.9,TRUE,4.3
356,Republican,65+,Graduate,60-100k,White,19.2,61.4,TRUE,4.9
357,Republican,45-64,Some College,>100k,Hispanic,94.8,63.5,TRUE,2.9
358,Democrat,30-44,Graduate,>100k,Hispanic,38.5,0,TRUE,5.4
359,Republican,45-64,Graduate,30-60k,Hispanic,40,30.2,TRUE,7
360,Independent,18-29,College,30-60k,White,66,58.2,TRUE,5.2
361,Independent,30-44,Graduate,>100k,White,69.6,52.7,TRUE,4.8
362,Other,30-44,Some College,30-60k,White,28.2,64,FALSE,3.9
363,Independent,45-64,HS,30-60k,Asian,71.2,50.5,TRUE,3.1
364,Republican,65+,Some College,<30k,White,74.2,41,FALSE,3.9
365,Democrat,65+,HS,>100k,White,53,52,TRUE,2.3
366,Democrat,30-44,College,>100k,Black,23,36.9,FALSE,2.6
367,Republican,30-44,College,<30k,White,63.9,62.4,TRUE,5.3
368,Republican,45-64,College,>100k,White,83.9,40.9,TRUE,3.6
369,Independent,18-29,College,30-60k,White,30,40.5,FALSE,4.5
370,Democrat,30-44,College,>100k,White,40.7,49.8,TRUE,4.3
371,Independent,45-64,College,30-60k,Black,18.2,72.5,TRUE,5.4
372,Republican,30-44,HS,<30k,Black,50.3,52.1,TRUE,6
373,Other,45-64,College,60-100k,White,26.2,70.5,TRUE,2.1
374,Republican,45-64,Graduate,<30k,Hispanic,80.3,42,TRUE,4.5
375,Independent,45-64,Graduate,<30k,Hispanic,73.2,41.4,FALSE,3.4
376,Republican,65+,College,30-60k,Black,31.5,27.1,TRUE,4.4
377,Democrat,45-64,HS,>100k,Black,50.7,44.8,TRUE,4.2
378,Republican,45-64,College,30-60k,White,59.2,64.2,TRUE,5.1
379,Democrat,65+,College,<30k,White,72,22.6,TRUE,6
380,Democrat,30-44,College,30-60k,Black,58.9,55.6,TRUE,2.5
381,Republican,18-29,Graduate,<30k,Hispanic,66.8,85.8,TRUE,5.4
382,Republican,65+,Graduate,60-100k,Black,32.1,40.7,TRUE,3.5
383,Republican,45-64,HS,60-100k,White,4.7,63.1,TRUE,3.8
384,Democrat,30-44,HS,>100k,Black,31.7,52.5,FALSE,3.5
385,Other,65+,Graduate,<30k,Black,60,50,TRUE,4.2
386,Independent,65+,Graduate,<30k,Hispanic,42.1,22.5,TRUE,5.2
387,Independent,45-64,Some College,<30k,Asian,38.6,46.2,FALSE,3.1
388,Independent,65+,Some College,>100k,Black,79.6,15.4,TRUE,4.4
389,Democrat,45-64,Some College,60-100k,White,62.4,61,TRUE,5.1
390,Independent,65+,Graduate,60-100k,White,49,49,FALSE,3
391,Other,30-44,HS,60-100k,White,48.1,34.2,FALSE,1
392,Democrat,65+,Graduate,>100k,White,42.3,52.4,TRUE,6.2
393,Democrat,30-44,Graduate,>100k,Asian,51.3,39.6,TRUE,2.6
394,Republican,18-29,Graduate,<30k,Black,81.1,24.1,FALSE,5.8
395,Independent,45-64,College,30-60k,Black,44.6,52.7,TRUE,1
396,Democrat,45-64,HS,<30k,Black,49.5,34.3,TRUE,5.2
397,Republican,18-29,HS,30-60k,Black,37.2,44.3,FALSE,2.3
398,Republican,18-29,College,>100k,White,36.8,53.4,FALSE,4.4
399,Independent,30-44,College,<30k,White,53.3,51.5,FALSE,3.8
400,Democrat,18-29,Some College,30-60k,White,58.8,12.1,FALSE,3.8
401,Democrat,65+,Some College,<30k,Black,43.5,60,FALSE,3.6
402,Republican,65+,Some College,60-100k,White,31.6,61.7,TRUE,1.6
403,Democrat,65+,HS,30-60k,White,9.3,56.5,FALSE,4.4
404,Independent,30-44,Graduate,<30k,Asian,6.1,32.8,FALSE,4.9
405,Democrat,65+,HS,>100k,Hispanic,30,39.2,FALSE,1
406,Independent,45-64,College,60-100k,Hispanic,15,61.4,FALSE,3.9
407,Republican,18-29,College,<30k,White,69.1,34.3,FALSE,3.3
408,Republican,30-44,Some College,>100k,Other,62.3,24.6,TRUE,2.7
409,Independent,30-44,College,>100k,Black,40.7,37.1,TRUE,5.5
410,Republican,18-29,College,60-100k,Hispanic,38,13.8,FALSE,4.4
411,Republican,65+,Graduate,<30k,Asian,75.2,28.3,FALSE,2.9
412,Republican,30-44,HS,>100k,Asian,66.8,98.7,TRUE,7
413,Republican,65+,HS,30-60k,Asian,73.4,15,FALSE,3.9
414,Democrat,45-64,HS,>100k,White,25.1,40.8,TRUE,4.1
415,Independent,18-29,HS,<30k,White,64.1,50.5,FALSE,3.4
416,Independent,65+,HS,30-60k,White,28.7,31.5,TRUE,3
417,Independent,65+,Some College,30-60k,White,36.4,87.6,TRUE,4.2
418,Independent,45-64,HS,60-100k,White,40.4,16.6,TRUE,5
419,Democrat,65+,Graduate,60-100k,Hispanic,0.2,31.5,TRUE,4.6
420,Democrat,65+,Some College,<30k,Hispanic,17.6,24.4,TRUE,2.9
421,Republican,45-64,Graduate,30-60k,Black,97,27,TRUE,6.4
422,Independent,30-44,Some College,60-100k,White,77.8,53.2,TRUE,3.2
423,Democrat,45-64,Graduate,60-100k,White,51.7,40.9,FALSE,3.9
424,Independent,65+,HS,60-100k,Hispanic,48.9,46.5,FALSE,1.9
425,Republican,65+,HS,30-60k,Hispanic,72.7,60.6,TRUE,2.4
426,Republican,45-64,Graduate,30-60k,White,45.5,36.7,FALSE,4.5
427,Democrat,30-44,Some College,60-100k,White,83.5,0,FALSE,3.8
428,Republican,30-44,College,30-60k,Black,17.5,34.8,FALSE,1.9
429,Republican,30-44,Graduate,30-60k,White,35.2,70.9,TRUE,5.2
430,Republican,18-29,College,30-60k,White,62.6,67.1,FALSE,5.1
431,Republican,65+,Some College,>100k,White,60.3,64.1,TRUE,1.1
432,Republican,18-29,College,60-100k,Hispanic,26.2,53.3,FALSE,5.2
433,Democrat,65+,Graduate,>100k,White,49.6,82.3,TRUE,4.9
434,Republican,30-44,Graduate,<30k,White,66.1,87.2,TRUE,3.7
435,Republican,18-29,HS,60-100k,White,77,53.1,FALSE,4.5
436,Other,45-64,Graduate,60-100k,White,54.5,48.8,TRUE,1
437,Democrat,65+,Graduate,30-60k,Black,56.2,24.2,FALSE,4
438,Democrat,45-64,Some College,30-60k,White,45.9,65.5,FALSE,4.7
439,Democrat,45-64,HS,<30k,White,71,73.7,FALSE,4.1
440,Democrat,30-44,Graduate,30-60k,Hispanic,21.3,29.5,TRUE,5.5
441,Republican,18-29,Some College,60-100k,White,69.4,51.1,TRUE,3.9
442,Independent,45-64,College,<30k,White,31.9,42.5,TRUE,5.1
443,Republican,30-44,HS,60-100k,Black,65.7,27.6,TRUE,4.5
444,Democrat,18-29,Graduate,<30k,Hispanic,93.1,28.9,FALSE,1.5
445,Democrat,45-64,HS,>100k,Asian,87.6,25.5,FALSE,3
446,Democrat,65+,Some College,>100k,White,31.9,12.7,TRUE,5.4
447,Republican,45-64,Graduate,60-100k,White,46.4,47.9,FALSE,4
448,Republican,18-29,Graduate,>100k,White,43.3,62.1,TRUE,4.9
449,Democrat,65+,HS,<30k,White,26.9,33.2,FALSE,2.2
450,Democrat,18-29,HS,60-100k,White,57.8,50.3,FALSE,2.8
451,Other,65+,Graduate,30-60k,White,41.2,36.4,TRUE,6.7
452,Independent,30-44,College,>100k,White,48.7,41.3,TRUE,1.5
453,Democrat,65+,College,30-60k,White,45.5,34.2,FALSE,1.8
454,Independent,30-44,Some College,>100k,White,2.6,24,FALSE,3.5
455,Independent,30-44,Graduate,30-60k,White,59.1,45.3,TRUE,5
456,Democrat,45-64,Graduate,>100k,White,29.2,30.8,TRUE,3.7
457,Democrat,65+,HS,<30k,White,65,14.3,TRUE,6.6
458,Democrat,30-44,Graduate,>100k,Black,64.2,26.5,FALSE,4.2
459,Independent,45-64,Graduate,>100k,White,20,47,TRUE,4.1
460,Republican,45-64,Graduate,<30k,Black,41.2,44.2,TRUE,2.5
461,Other,18-29,College,60-100k,White,48.4,43.7,TRUE,2.4
462,Democrat,65+,College,>100k,Hispanic,59.2,76.7,FALSE,2.9
463,Republican,65+,Some College,30-60k,Asian,31,43.6,TRUE,4.3
464,Democrat,45-64,Graduate,30-60k,White,74.4,49,FALSE,4.1
465,Republican,18-29,HS,60-100k,White,61.1,45.6,TRUE,3.4
466,Democrat,45-64,Graduate,30-60k,White,36.2,55.9,FALSE,4.4
467,Democrat,65+,Some College,>100k,White,45.8,54.4,FALSE,3.1
468,Republican,45-64,HS,60-100k,White,52.2,45.7,FALSE,1.5
469,Other,30-44,HS,<30k,White,73.4,83.8,TRUE,2.3
470,Independent,30-44,College,<30k,Hispanic,55.6,6.1,FALSE,3.1
471,Independent,45-64,HS,>100k,Hispanic,65.8,43.7,TRUE,4.9
472,Republican,65+,Graduate,<30k,Hispanic,60.7,30.2,TRUE,6.8
473,Democrat,45-64,HS,<30k,White,35,42.4,TRUE,5.5
474,Republican,65+,Graduate,<30k,Hispanic,73.1,66.3,TRUE,4.1
475,Independent,30-44,Some College,60-100k,White,38.4,39.5,TRUE,3.7
476,Republican,45-64,College,60-100k,White,49.5,38.5,TRUE,3.3
477,Democrat,18-29,Graduate,60-100k,Hispanic,68,14.6,TRUE,1.3
478,Republican,45-64,College,30-60k,Hispanic,62.9,30,FALSE,1
479,Democrat,65+,College,>100k,Hispanic,65.9,48.8,FALSE,4.6
480,Republican,45-64,Some College,<30k,White,50.6,5.7,TRUE,2.5
481,Independent,65+,Some College,60-100k,Asian,76,20.5,FALSE,3.8
482,Republican,45-64,College,30-60k,White,56.6,16,TRUE,7
483,Republican,18-29,HS,<30k,White,31.8,71.6,TRUE,2
484,Independent,45-64,Some College,60-100k,White,45.5,53.4,TRUE,2.9
485,Other,30-44,College,<30k,Asian,34.6,69.2,FALSE,5.8
486,Democrat,18-29,Some College,60-100k,White,45.9,34,TRUE,3.4
487,Republican,45-64,Some College,<30k,Asian,37.3,14.6,FALSE,2.8
488,Republican,65+,College,30-60k,Black,85.7,15.9,TRUE,5.2
489,Independent,30-44,Some College,<30k,White,54.3,11.7,TRUE,3.8
490,Republican,45-64,Graduate,30-60k,White,2,57,TRUE,1.4
491,Democrat,18-29,Graduate,>100k,White,55.3,6.8,FALSE,5.6
492,Democrat,65+,Graduate,<30k,White,51.5,52.7,TRUE,4.2
493,Independent,65+,HS,>100k,White,81.4,0,FALSE,5.8
494,Republican,65+,Some College,<30k,Hispanic,40.2,22.1,TRUE,3.9
495,Independent,65+,Some College,60-100k,Asian,44.3,38.3,FALSE,1.9
496,Democrat,30-44,Some College,>100k,White,35.8,61.6,FALSE,4.2
497,Independent,18-29,Graduate,60-100k,White,74.7,60.5,TRUE,2.7
498,Democrat,30-44,College,<30k,White,30.8,50,FALSE,7
499,Democrat,45-64,Some College,60-100k,White,51.6,46.2,FALSE,3.5
500,Democrat,65+,Some College,30-60k,White,100,61.2,TRUE,5.1
