"org_id","year","field","employees","expenses","grant_amount","gov_grant","private_grant","beneficiaries_served","rating"
254,2024,"Environment",27,741236,119011,1,0,201,3
733,2016,"Other",28,465916,49431,0,0,209,4
753,2015,"Education",33,350505,37151,0,1,192,5
86,2024,"Health",25,3756323,24660,1,1,205,3
308,2021,"Environment",34,397781,6873,1,1,185,5
457,2020,"Health",19,244937,4990,1,0,203,5
560,2018,"Other",36,429358,195890,0,1,202,5
648,2012,"Environment",27,276833,104305,0,1,209,3
701,2017,"Education",34,128542,12345,0,1,192,4
422,2024,"Health",38,501649,8182,0,1,212,2
757,2024,"Education",32,858458,228658,0,0,200,4
745,2023,"Other",23,420594,94270,1,0,216,4
747,2019,"Environment",42,341767,16786,1,0,220,4
78,2024,"Education",18,382645,86694,0,1,180,4
342,2022,"Environment",39,199820,14665,0,0,193,4
324,2021,"Education",34,160962,184534,0,1,207,4
435,2016,"Other",26,123515,175009,0,1,201,3
312,2017,"Environment",30,233786,100493,0,1,207,4
202,2014,"Education",38,315228,66515,0,0,216,3
266,2015,"Arts",32,617648,131012,0,0,188,3
180,2021,"Environment",37,770923,50239,1,1,195,5
304,2016,"Environment",31,1409422,110400,0,1,204,3
816,2015,"Arts",26,823083,94816,0,0,211,1
48,2015,"Education",27,1489393,104648,0,1,215,4
723,2016,"Education",41,215678,56092,0,1,183,3
47,2018,"Other",24,648411,169271,0,1,181,4
138,2021,"Education",24,448778,164008,1,1,205,5
793,2012,"Education",40,1060913,38480,0,1,210,5
138,2018,"Environment",27,525348,9159,0,0,204,4
145,2013,"Arts",20,368198,14399,0,0,216,5
525,2013,"Arts",19,1202726,59205,0,0,196,5
470,2015,"Other",37,293010,148187,0,1,211,5
567,2015,"Environment",24,237229,275428,0,1,188,5
110,2014,"Arts",43,310241,110721,1,1,210,4
139,2014,"Arts",32,274155,31864,1,0,197,4
594,2019,"Other",37,922598,165590,0,1,186,1
842,2014,"Education",25,123766,133498,1,0,187,2
766,2019,"Health",27,331522,9866,0,0,202,3
547,2014,"Environment",36,573288,1375,0,0,177,5
497,2015,"Health",38,499604,22833,0,0,200,4
82,2017,"Environment",31,275191,44104,0,0,183,4
682,2013,"Health",30,74082,250392,0,1,195,3
682,2019,"Other",23,535581,73529,0,1,182,1
500,2018,"Arts",31,1465673,81640,0,0,217,4
887,2017,"Health",33,210905,83454,0,1,181,2
867,2024,"Environment",29,148842,205089,0,0,208,5
443,2024,"Health",35,75875,27501,1,0,199,3
405,2012,"Other",37,1504244,175971,0,1,209,3
73,2022,"Arts",41,2201670,282184,0,0,195,4
506,2014,"Education",26,566901,39736,0,1,194,4
872,2020,"Education",29,1049406,284530,1,1,206,4
709,2017,"Health",29,29306,114142,0,0,175,4
454,2014,"Other",32,432858,86897,0,0,187,3
467,2024,"Other",29,69312,118723,1,1,230,5
817,2014,"Education",30,1808728,76389,0,0,219,4
243,2021,"Arts",31,883862,11897,0,0,208,3
771,2021,"Health",30,1005336,51954,0,0,188,4
762,2018,"Arts",24,151312,252780,0,1,204,4
351,2016,"Other",40,1106233,175312,0,0,217,3
415,2023,"Environment",32,703280,84847,1,0,195,3
823,2020,"Education",32,59192,12587,1,0,208,4
703,2024,"Environment",26,3427509,125224,1,0,187,3
539,2021,"Education",34,410106,17080,0,0,185,4
570,2022,"Education",31,318904,137376,0,1,183,4
48,2020,"Health",36,569899,10645,1,0,223,1
528,2024,"Other",32,450123,298909,0,1,184,3
856,2018,"Environment",33,720294,34864,0,1,205,4
830,2014,"Education",31,603298,18192,0,0,186,5
541,2024,"Other",34,1661781,72381,0,0,190,3
765,2013,"Arts",26,321495,60323,0,1,204,4
207,2014,"Other",22,688244,203042,0,1,215,4
671,2016,"Other",41,1428818,66294,0,1,214,4
706,2015,"Environment",29,526753,466670,1,1,200,5
732,2024,"Education",31,331725,22183,0,0,183,3
495,2019,"Education",35,3696444,24956,0,1,202,3
832,2019,"Environment",29,289210,46912,1,0,178,2
750,2018,"Arts",28,1440550,304648,0,0,167,4
579,2017,"Other",32,568339,120053,0,1,203,3
257,2022,"Arts",42,218829,38676,0,0,206,4
559,2017,"Arts",37,591940,33991,0,1,209,3
598,2024,"Environment",30,856396,42052,0,0,216,5
524,2014,"Education",28,494359,35815,1,0,187,3
379,2019,"Environment",31,1478988,657,0,1,198,4
778,2015,"Health",24,5643657,58222,1,1,203,4
737,2020,"Education",32,894288,220858,1,1,208,1
37,2024,"Education",32,250179,108894,1,1,214,5
223,2012,"Other",35,1608137,103784,0,0,206,5
417,2016,"Other",33,209686,75022,0,0,191,4
82,2023,"Arts",28,195913,11095,0,1,201,3
467,2017,"Arts",19,1037473,53798,0,0,179,5
589,2021,"Environment",22,3149024,33828,0,1,214,3
805,2012,"Education",30,5087969,16431,0,0,188,4
770,2015,"Arts",28,190205,211,0,0,201,4
166,2019,"Arts",25,438787,28470,1,0,189,2
215,2013,"Environment",36,2852760,82066,0,0,196,4
789,2020,"Education",32,566536,24403,0,1,188,4
112,2012,"Health",26,2701974,118306,1,1,198,4
872,2024,"Arts",37,700803,418332,1,0,191,5
297,2021,"Health",29,300939,18718,1,1,204,4
515,2023,"Arts",42,327790,123420,0,0,196,1
472,2016,"Arts",25,366247,13775,0,1,211,4
548,2023,"Education",30,489377,103807,0,0,188,2
465,2012,"Other",28,228577,249180,1,1,189,4
875,2014,"Education",32,717675,15501,0,1,192,4
851,2021,"Arts",33,829080,48330,1,0,199,2
7,2024,"Other",24,103263,35199,0,0,208,4
128,2016,"Arts",32,81032,54583,1,1,184,1
117,2024,"Education",44,2388177,23018,0,1,189,5
689,2023,"Arts",33,124350,226063,0,1,203,5
700,2013,"Other",20,1477607,112498,1,1,192,3
867,2018,"Education",33,2407008,109501,0,1,195,4
321,2020,"Arts",26,204025,40485,0,1,178,1
103,2015,"Health",28,764271,15448,0,1,205,2
781,2012,"Other",38,624769,202462,1,1,203,4
852,2015,"Health",27,381792,99042,0,0,194,4
323,2018,"Arts",46,330567,13344,0,0,175,3
376,2015,"Education",25,1278953,95836,1,1,200,4
109,2012,"Education",42,1526205,10474,0,0,164,5
579,2023,"Health",32,1110918,105010,0,1,198,3
717,2012,"Health",29,2952962,85340,0,1,200,2
44,2017,"Arts",26,125766,99978,1,1,208,3
50,2020,"Health",30,291612,61678,0,1,214,2
155,2020,"Environment",37,797094,28590,0,0,213,4
742,2015,"Environment",35,245837,7165,0,1,201,4
393,2019,"Education",33,1688547,12105,1,1,189,3
718,2012,"Environment",27,268311,22433,1,1,208,4
674,2016,"Health",33,1247224,38466,0,1,184,4
449,2013,"Environment",28,568917,164608,1,0,215,5
608,2013,"Arts",38,153425,4494,0,1,198,3
756,2024,"Education",29,264574,19775,0,1,185,4
366,2024,"Health",27,663756,245677,1,0,204,2
824,2024,"Environment",32,1233657,91668,1,1,225,3
205,2022,"Other",34,303647,102653,0,0,219,1
33,2016,"Arts",33,276588,12286,0,0,204,4
335,2015,"Health",25,136917,85795,0,1,198,4
501,2020,"Environment",32,1718839,176316,0,1,207,3
603,2017,"Education",30,51489,19584,1,1,186,5
896,2013,"Other",33,178476,55647,0,1,198,4
634,2023,"Environment",28,691195,48266,0,0,199,4
316,2014,"Environment",27,506895,469421,1,0,227,3
364,2012,"Arts",41,1332533,17816,0,0,211,5
418,2023,"Education",35,811955,28889,1,1,195,4
90,2013,"Arts",27,340101,37507,0,1,189,4
722,2017,"Health",32,1196543,8883,0,0,185,3
150,2016,"Arts",29,303805,127723,1,1,204,5
572,2012,"Other",39,112071,75387,1,0,177,1
210,2016,"Education",32,1698530,1126,0,1,181,2
719,2019,"Arts",29,355342,58027,1,0,184,5
892,2017,"Other",40,429805,95906,0,0,188,4
148,2024,"Health",22,147471,75490,0,1,204,3
276,2014,"Arts",32,108205,371413,0,0,189,4
392,2017,"Other",35,291418,193292,0,1,188,5
477,2013,"Other",24,376414,55665,0,1,192,5
430,2022,"Health",29,2501119,108450,1,1,197,4
589,2018,"Arts",41,1205196,37619,0,1,212,1
138,2024,"Health",32,740559,71485,0,1,211,4
344,2021,"Arts",33,430640,396529,0,1,208,4
149,2012,"Other",29,445333,155497,1,1,212,4
306,2014,"Arts",39,1141778,11158,0,1,195,5
347,2018,"Other",33,1173850,26339,0,0,193,5
307,2016,"Arts",23,314598,67780,1,1,209,1
568,2014,"Other",35,133145,8385,0,1,194,5
840,2020,"Health",26,151745,14134,0,1,211,4
591,2022,"Environment",36,172360,156501,0,1,198,5
717,2022,"Other",35,110964,75962,1,1,204,3
614,2018,"Education",32,243114,20574,0,0,207,3
635,2014,"Other",27,716013,207557,0,0,204,4
732,2013,"Arts",37,528552,146196,0,0,208,3
638,2020,"Arts",34,538096,49174,0,1,202,3
200,2012,"Education",32,126714,94792,0,1,170,5
678,2014,"Other",19,259050,3159,0,1,213,5
218,2021,"Environment",31,178802,1412,0,1,190,1
471,2022,"Arts",27,185461,34811,0,1,201,3
150,2012,"Environment",32,804668,75914,1,0,200,3
330,2016,"Other",33,579388,6237,0,1,178,3
274,2018,"Health",26,590384,150032,0,0,182,3
782,2024,"Arts",24,147791,49676,1,1,209,4
392,2017,"Arts",37,2557738,4432,0,1,178,4
569,2024,"Health",29,2044924,43459,1,1,173,3
41,2023,"Other",34,427416,236588,0,1,191,5
581,2013,"Environment",34,1044016,93369,0,0,202,3
805,2021,"Education",42,829042,21384,1,1,196,3
302,2024,"Health",27,3495320,7683,1,0,201,4
325,2018,"Education",32,706857,9108,0,1,212,4
515,2013,"Arts",29,6854382,167535,0,0,203,1
757,2018,"Arts",27,1899872,55002,0,0,213,3
244,2013,"Arts",33,851101,42314,0,0,187,4
173,2018,"Health",28,561115,98712,0,0,208,5
884,2022,"Other",28,485411,87579,0,1,190,4
122,2020,"Environment",30,1058431,44380,1,0,200,3
387,2022,"Environment",39,3288570,59281,1,0,203,5
259,2013,"Arts",20,203944,163862,1,0,240,3
238,2015,"Education",30,193333,3289,1,1,185,3
333,2018,"Environment",27,417381,994,0,0,208,5
380,2015,"Environment",27,283578,27461,0,1,205,3
89,2023,"Education",28,767964,15985,0,1,196,5
578,2012,"Arts",32,134345,13930,0,0,223,5
93,2012,"Education",22,1213438,30132,0,0,193,3
868,2019,"Other",49,834787,10669,0,1,208,3
894,2019,"Health",32,321083,368385,0,1,200,3
528,2012,"Health",27,230714,162928,0,0,211,5
619,2016,"Health",27,1477108,92193,0,1,203,4
643,2021,"Other",25,627444,157523,1,0,203,5
509,2012,"Environment",31,883966,107576,1,1,212,4
502,2024,"Arts",35,154163,288323,1,1,180,1
280,2020,"Health",38,52272,13197,0,0,170,4
888,2022,"Environment",29,694649,6170,1,1,199,5
154,2016,"Health",32,612379,75946,0,1,199,3
155,2015,"Other",28,3329956,14905,0,1,203,3
9,2012,"Other",25,276759,34057,1,1,168,4
75,2012,"Arts",31,1782291,703,0,0,207,5
586,2012,"Health",27,286091,43865,0,1,223,2
323,2015,"Health",26,337632,103549,0,1,193,5
645,2018,"Education",35,576425,114845,0,1,197,3
207,2012,"Health",28,259246,189483,0,1,194,4
262,2012,"Education",24,819292,197625,0,1,193,5
171,2023,"Education",31,588892,270282,1,0,204,4
496,2014,"Other",34,198854,9379,0,0,206,3
30,2018,"Education",26,912849,176154,0,0,198,3
669,2019,"Other",33,651010,150143,1,1,198,4
217,2013,"Education",25,127634,51858,0,1,207,4
627,2021,"Education",30,108989,7818,0,1,187,4
628,2018,"Arts",32,144807,7627,0,0,218,3
392,2021,"Other",31,408812,124,1,1,202,5
564,2023,"Health",30,413656,24073,0,1,185,5
515,2017,"Arts",27,728797,208813,1,1,201,3
809,2016,"Environment",30,275486,5687,0,1,222,5
372,2013,"Arts",38,170735,54227,1,1,204,4
176,2019,"Other",32,412177,280713,0,0,211,5
345,2013,"Other",18,458773,54989,0,0,200,3
95,2023,"Other",28,188416,48143,0,1,185,2
211,2021,"Health",29,179882,1353,0,1,207,5
156,2018,"Education",29,421162,170637,0,1,183,3
613,2022,"Education",45,737614,10510,0,1,210,4
798,2018,"Arts",36,483473,26483,0,0,215,4
860,2022,"Environment",36,287033,171469,0,1,203,4
164,2020,"Arts",38,824184,245647,0,0,206,4
239,2023,"Environment",30,228804,147904,1,0,216,5
664,2016,"Arts",33,600636,26826,1,1,197,2
445,2023,"Environment",25,3496279,29303,0,0,226,2
588,2023,"Health",28,638676,57466,1,1,189,3
148,2013,"Education",32,1723570,41674,0,1,189,3
262,2019,"Other",39,945852,20375,1,1,216,2
550,2013,"Arts",26,388412,5923,1,0,216,3
752,2018,"Education",25,454235,65891,1,1,227,3
295,2019,"Environment",47,258987,239904,1,1,219,3
632,2017,"Health",35,89971,40154,0,1,187,5
582,2016,"Health",28,87484,38610,0,1,195,4
848,2020,"Education",36,153347,2490,1,1,202,4
896,2021,"Other",30,392358,43397,0,1,192,5
93,2024,"Environment",40,441629,5457,0,1,203,2
794,2020,"Arts",29,323284,7569,0,1,181,4
624,2018,"Arts",31,433601,14385,0,1,208,5
125,2020,"Health",29,418639,97346,1,1,184,5
751,2012,"Education",25,571398,43841,0,1,190,5
614,2024,"Education",36,685645,60835,0,1,199,1
535,2014,"Education",29,94929,75076,1,0,220,4
53,2022,"Arts",32,1595664,26563,0,1,212,2
220,2019,"Environment",31,602174,33520,0,1,197,2
425,2018,"Health",38,515136,117701,0,0,220,1
174,2019,"Health",30,260851,46439,0,1,200,2
357,2019,"Health",38,221220,109710,0,1,213,4
873,2017,"Health",44,3411949,81505,0,0,190,4
689,2017,"Environment",20,272490,167000,0,0,207,3
10,2024,"Other",32,319072,44321,0,1,192,3
262,2024,"Arts",32,288254,32135,1,1,202,2
775,2021,"Education",31,1389963,3832,0,1,225,4
528,2023,"Environment",24,315738,93408,1,1,181,3
859,2018,"Education",31,7650613,19092,0,1,191,5
98,2015,"Arts",34,354823,74055,0,1,229,4
255,2023,"Arts",30,68850,10317,0,1,203,4
585,2018,"Environment",25,26275,76473,0,0,230,4
43,2018,"Education",31,263137,162427,1,1,223,5
94,2022,"Environment",34,552960,14524,0,1,216,5
549,2018,"Other",28,1009297,62401,1,1,196,3
277,2020,"Arts",39,194468,197812,0,1,228,5
451,2017,"Arts",36,302780,42283,1,0,198,5
852,2015,"Environment",31,202601,7596,0,1,223,3
624,2014,"Health",26,428793,40095,0,1,209,3
133,2022,"Education",32,334806,22641,0,0,203,5
648,2012,"Health",32,973861,8493,0,0,206,4
39,2018,"Other",34,135298,11707,0,1,197,3
371,2013,"Arts",22,215696,31998,1,0,196,3
28,2020,"Health",34,234651,120146,0,0,182,5
593,2017,"Arts",23,1136710,180633,0,0,179,4
274,2014,"Other",22,364201,13287,1,1,197,5
858,2022,"Arts",34,207164,180573,1,0,173,3
550,2013,"Environment",34,2956325,16982,1,1,196,4
18,2017,"Health",47,199376,23274,1,1,203,4
495,2016,"Arts",21,937406,64286,0,0,194,3
83,2016,"Health",25,392082,167622,0,1,217,4
151,2024,"Arts",40,527200,58807,0,0,195,4
440,2019,"Other",25,146694,64518,1,0,206,3
552,2014,"Arts",37,780559,206158,1,1,218,3
759,2019,"Arts",25,1802525,94912,1,0,223,4
642,2019,"Education",45,4606795,205543,1,1,207,5
413,2017,"Environment",35,901092,17985,0,1,178,4
778,2019,"Education",26,349249,134006,1,1,200,5
308,2020,"Other",23,2738309,23767,0,1,202,1
433,2017,"Education",31,311640,250639,0,1,202,2
264,2023,"Health",33,515388,142381,1,0,203,4
494,2024,"Arts",34,378558,54969,0,0,206,5
662,2023,"Environment",31,1551420,6970,0,1,184,3
680,2012,"Other",33,283692,21644,1,0,199,3
606,2019,"Arts",29,4111871,127199,0,1,190,5
588,2015,"Other",28,213518,23899,1,1,204,4
718,2014,"Environment",25,2532395,103937,0,1,188,4
859,2020,"Environment",32,808875,44573,1,1,189,5
197,2012,"Environment",28,594798,23711,0,0,192,3
328,2014,"Other",35,1657672,42737,0,0,200,4
499,2012,"Education",30,240480,3754,0,0,212,5
349,2014,"Other",25,1072338,37993,1,1,201,5
859,2020,"Education",28,229445,3249,0,1,185,3
191,2014,"Other",28,980603,92862,1,1,239,3
498,2014,"Education",29,390995,54161,0,0,193,2
745,2012,"Environment",27,1825659,65188,0,1,175,3
356,2018,"Environment",38,205690,289301,1,1,177,3
166,2016,"Health",32,785690,38435,0,1,193,4
423,2014,"Health",28,508823,1221,0,0,180,3
82,2017,"Health",25,101572,189722,0,1,211,3
705,2017,"Health",39,734223,128089,1,0,190,3
813,2013,"Health",33,220610,16102,0,0,204,4
326,2014,"Other",27,1210830,223736,0,1,202,4
364,2012,"Arts",39,760403,18930,0,1,214,3
187,2013,"Education",36,558661,170960,0,0,188,3
82,2012,"Environment",36,974526,34923,0,0,213,3
560,2024,"Other",27,180466,199979,0,0,191,3
750,2024,"Other",25,292271,66968,1,1,203,5
712,2013,"Arts",29,45112,10919,0,0,203,4
280,2013,"Other",32,2812297,59046,0,1,191,3
53,2014,"Health",29,110389,297807,0,0,169,4
379,2024,"Health",36,559034,55551,1,1,187,4
4,2024,"Other",24,2252676,13506,0,1,215,4
330,2014,"Health",35,143460,61500,0,1,197,4
230,2023,"Arts",29,1153946,86804,0,1,217,3
366,2022,"Health",28,239059,162785,0,1,181,4
474,2020,"Other",29,295953,3876,1,1,192,1
84,2012,"Environment",29,432879,308418,0,0,219,3
474,2013,"Other",30,1842512,52127,1,1,199,4
541,2021,"Education",28,304382,2349,0,0,211,4
116,2016,"Arts",34,460601,179804,1,0,211,5
228,2019,"Health",45,427444,19169,0,1,184,4
226,2015,"Environment",20,303542,231270,0,1,193,3
46,2015,"Education",26,138430,173956,0,1,196,5
393,2023,"Education",27,219263,72684,0,0,225,4
643,2019,"Education",22,329728,53900,0,1,240,5
240,2013,"Education",38,571591,8585,0,1,198,3
165,2014,"Education",38,765347,132480,0,0,204,5
651,2013,"Arts",28,255394,142609,0,0,224,4
54,2019,"Environment",29,429248,70390,0,1,181,1
648,2024,"Other",26,41518,40792,0,1,193,2
834,2016,"Environment",23,987712,173817,0,1,202,4
343,2013,"Arts",24,36254,484644,0,0,204,5
162,2012,"Environment",33,826477,8167,1,1,202,3
212,2014,"Environment",38,294175,57508,0,0,191,4
139,2016,"Education",28,1210964,108910,1,1,192,4
59,2012,"Other",34,3591904,71845,0,1,206,4
368,2013,"Education",36,290132,76859,0,1,200,5
357,2016,"Environment",41,756226,207239,0,1,205,4
542,2020,"Other",36,128410,24017,0,0,186,5
817,2024,"Environment",28,2005653,12516,0,0,190,3
868,2012,"Education",36,62310,52667,0,0,206,5
557,2017,"Other",32,1125521,226839,0,0,209,1
761,2020,"Environment",30,302227,168177,0,0,197,4
561,2014,"Health",31,1404619,130323,0,1,206,2
519,2022,"Other",28,195250,110701,0,1,237,3
654,2018,"Other",28,896120,88443,0,1,206,3
430,2019,"Environment",33,307426,24594,1,0,192,3
565,2015,"Other",34,168824,168004,1,1,203,3
576,2014,"Arts",27,159711,1062,0,1,192,4
278,2024,"Environment",35,349103,201476,0,1,195,4
275,2019,"Health",24,3626195,1981,1,1,210,4
60,2015,"Education",29,520954,21524,0,1,203,5
59,2019,"Arts",25,1356853,158532,1,1,213,4
804,2024,"Arts",32,47863,67132,1,1,190,4
266,2013,"Arts",35,880081,56182,1,1,191,5
835,2016,"Health",40,383248,101073,0,0,197,4
140,2022,"Environment",29,312474,179390,0,1,190,4
124,2018,"Other",31,272776,84181,0,1,210,5
202,2021,"Arts",35,658539,158915,1,1,220,3
236,2017,"Environment",34,857431,101749,0,1,190,2
494,2023,"Education",30,414443,84644,1,0,190,4
343,2017,"Arts",29,854901,8590,0,1,207,4
569,2024,"Other",27,93467,92444,1,1,186,5
867,2018,"Other",34,146912,326869,0,1,187,5
583,2022,"Health",29,283275,26600,1,1,215,5
203,2013,"Education",31,114534,140363,0,0,229,1
725,2021,"Other",30,258273,156322,0,1,200,5
310,2016,"Environment",31,1328731,68542,0,0,209,4
382,2021,"Education",32,14333934,26980,0,1,198,4
831,2021,"Education",33,1678849,166542,0,1,229,5
742,2019,"Arts",34,104145,230356,0,1,186,4
97,2023,"Arts",31,382776,118417,0,0,221,4
99,2016,"Arts",28,167546,24242,0,1,209,4
151,2018,"Health",35,763088,41074,0,0,189,3
395,2016,"Arts",33,648666,113733,0,1,215,5
91,2020,"Education",30,3878918,3673,0,1,183,3
854,2017,"Arts",20,291934,65490,1,1,210,3
265,2019,"Other",47,189494,78026,0,0,185,4
592,2023,"Health",28,1707431,79886,0,0,201,2
868,2020,"Environment",30,718312,5264,1,0,212,5
723,2024,"Health",24,1718380,27002,0,0,207,5
558,2014,"Education",22,342449,61935,0,1,197,4
439,2023,"Arts",26,399669,4515,0,1,190,2
127,2020,"Environment",40,2525519,250,0,1,201,3
621,2023,"Health",19,837043,60351,1,1,179,5
137,2013,"Environment",41,373156,172658,0,0,199,2
656,2014,"Arts",25,173469,173078,0,1,217,4
152,2022,"Environment",43,4696525,286136,1,1,186,2
267,2018,"Environment",26,720479,102704,0,0,213,2
688,2020,"Environment",31,3590713,109385,0,1,193,4
613,2024,"Environment",24,816844,8617,1,1,179,4
784,2024,"Education",29,911253,3650,0,0,203,5
57,2013,"Other",31,324145,43796,1,1,202,5
537,2012,"Health",42,605805,149978,1,1,188,4
750,2017,"Environment",28,266438,182720,1,0,201,3
823,2023,"Other",32,1673620,4690,0,0,230,4
313,2018,"Health",34,1197900,148993,0,1,191,4
848,2023,"Health",41,306275,118296,0,0,184,2
468,2016,"Health",23,135790,158091,0,0,207,3
630,2017,"Health",31,1067048,50005,1,1,225,3
751,2023,"Education",22,323751,51899,0,1,203,5
294,2019,"Education",23,1026459,81495,0,1,211,5
190,2015,"Health",30,309937,228165,0,1,227,5
494,2017,"Environment",20,409909,171974,0,0,181,3
423,2024,"Education",30,2302563,107292,0,0,188,4
237,2018,"Environment",34,593215,335534,0,1,208,5
53,2020,"Environment",31,954873,193754,1,1,222,3
525,2014,"Education",35,346830,1697,1,1,202,3
279,2023,"Environment",29,99763,32929,1,1,203,3
707,2023,"Environment",32,105802,24223,0,1,205,1
736,2020,"Environment",40,368545,178060,0,1,198,1
20,2015,"Other",34,195128,41932,0,1,178,5
434,2024,"Arts",40,170205,42754,1,0,218,4
166,2016,"Other",30,648093,131945,0,1,197,3
711,2013,"Other",36,455564,101701,0,1,200,4
118,2015,"Other",29,836384,174104,0,1,244,5
665,2018,"Environment",32,859046,449601,0,1,210,4
79,2020,"Other",34,1860401,86628,1,1,211,4
322,2013,"Other",35,304252,14254,1,1,201,5
397,2016,"Arts",24,149652,7370,1,1,203,4
770,2023,"Health",33,1013318,177568,0,1,207,3
670,2021,"Arts",27,1538730,71061,0,1,207,2
568,2013,"Other",27,428356,204030,0,1,226,4
623,2017,"Arts",36,1109721,59982,0,0,196,5
876,2014,"Education",24,263945,21617,0,1,207,4
131,2020,"Arts",25,1079350,30904,0,1,199,5
739,2014,"Education",33,644826,107290,0,0,197,4
176,2016,"Other",33,216393,196940,0,1,198,2
235,2022,"Education",33,1372353,81461,1,1,194,4
89,2014,"Environment",35,96719,51338,1,1,203,2
420,2012,"Education",35,694439,226,0,0,211,5
353,2013,"Arts",25,463920,7048,0,1,217,3
212,2014,"Education",30,992004,108671,0,1,179,5
206,2019,"Health",21,461432,53515,0,1,183,2
456,2018,"Arts",20,823552,23144,1,1,215,5
718,2018,"Environment",32,1228726,14066,0,1,215,4
426,2015,"Health",26,179206,58765,1,1,193,4
291,2013,"Education",27,944379,3854,0,1,212,5
216,2017,"Other",35,190089,22356,0,1,200,4
283,2013,"Education",34,512398,44517,1,1,217,3
232,2012,"Arts",31,825816,35775,0,0,200,4
379,2012,"Health",40,778737,36924,0,0,207,2
358,2024,"Health",35,583366,79877,1,0,212,3
10,2018,"Environment",36,802096,119584,0,0,217,1
90,2015,"Health",37,1964601,109077,0,0,192,5
490,2013,"Environment",34,283999,222771,1,1,177,1
237,2012,"Other",36,268794,495,0,1,208,3
260,2016,"Arts",29,695878,55188,0,1,206,4
620,2019,"Health",25,343369,2439,0,1,185,5
684,2022,"Other",25,225040,91581,0,1,198,5
444,2024,"Arts",34,1405704,7504,1,0,205,4
36,2015,"Education",26,1397500,99080,0,0,189,3
756,2012,"Other",28,446303,8546,0,0,177,4
591,2024,"Education",30,245231,270566,1,0,192,5
555,2013,"Environment",41,127298,161585,0,0,203,3
100,2017,"Health",26,138431,10822,0,0,211,3
846,2022,"Environment",29,801083,100910,1,0,217,3
427,2018,"Other",34,251930,80156,0,1,247,2
564,2016,"Other",35,314332,69679,0,0,194,3
364,2020,"Education",14,2296641,345208,0,0,180,4
457,2022,"Arts",31,498897,11104,0,1,191,4
133,2015,"Arts",33,238124,207896,0,1,170,5
572,2024,"Environment",25,563909,184118,0,1,193,5
269,2015,"Arts",30,466300,62933,0,1,215,4
121,2024,"Environment",27,888247,76677,0,1,187,4
165,2020,"Education",30,695959,57059,1,0,186,3
173,2024,"Environment",32,681544,3625,1,1,203,4
513,2020,"Other",36,443082,75194,0,1,204,3
615,2016,"Environment",24,255309,202442,0,1,225,4
144,2016,"Other",39,772444,22711,1,1,195,5
817,2020,"Arts",36,121661,2603,0,0,196,5
422,2016,"Arts",32,290577,28753,0,0,208,3
295,2013,"Arts",31,500124,56901,0,1,171,4
143,2012,"Other",34,708609,183,1,1,194,4
705,2015,"Education",33,824977,45801,0,1,176,2
528,2024,"Environment",29,3468626,176645,0,0,208,4
624,2015,"Arts",27,552904,4842,0,1,187,4
477,2015,"Environment",37,369661,154156,0,0,200,5
160,2018,"Other",39,980613,133639,1,0,192,3
454,2022,"Arts",28,609847,57530,1,0,203,3
282,2012,"Arts",25,542314,168,0,1,181,4
516,2013,"Arts",36,53255,225660,0,1,189,4
732,2019,"Health",25,1211162,16883,0,1,210,5
315,2013,"Arts",24,1361217,8086,0,1,205,3
323,2020,"Other",31,3028230,75330,0,0,186,3
751,2020,"Other",42,176995,78902,0,1,208,1
18,2021,"Education",29,480538,276061,0,1,200,3
174,2017,"Other",30,137056,96965,0,0,188,3
490,2019,"Environment",29,440106,7044,0,1,211,4
3,2021,"Health",35,123682,98752,0,1,209,3
812,2012,"Other",27,713077,58753,0,0,171,2
129,2015,"Other",29,1557800,40122,0,0,197,3
386,2022,"Arts",41,363063,17407,0,0,217,3
537,2021,"Arts",37,285050,6490,0,1,188,2
172,2017,"Environment",37,973155,231065,0,1,212,2
90,2014,"Arts",36,331397,31645,1,1,214,4
887,2020,"Other",31,545711,68052,0,1,211,4
653,2014,"Education",30,649988,58492,0,1,191,2
893,2014,"Other",37,29728,90258,0,0,192,5
545,2020,"Education",34,238191,9085,0,1,198,1
191,2012,"Education",39,109487,182374,1,1,192,4
92,2014,"Education",24,3963317,124267,0,1,202,3
810,2013,"Environment",34,833361,60035,0,1,206,2
849,2012,"Education",29,99289,59892,0,1,203,3
342,2015,"Other",43,472872,191421,0,1,206,4
107,2016,"Education",28,1376235,118832,0,1,236,5
653,2024,"Other",19,121110,12695,0,0,205,3
534,2018,"Arts",25,788535,105823,0,0,189,3
297,2016,"Education",34,66488,29807,1,1,213,3
366,2016,"Arts",33,531609,22425,0,0,187,4
4,2023,"Arts",47,2886532,67002,0,1,194,5
755,2022,"Health",28,649533,6444,1,0,199,2
815,2022,"Environment",29,49245,89927,1,0,206,5
307,2013,"Education",34,503429,92987,0,0,178,5
853,2020,"Arts",29,2346544,80881,0,0,204,3
724,2023,"Arts",35,2814947,88005,1,1,206,5
326,2021,"Arts",31,453240,72922,0,0,218,3
230,2014,"Health",24,889143,3650,0,0,208,3
427,2024,"Other",36,1502097,192218,0,1,203,3
46,2019,"Other",36,187041,20035,0,1,192,2
255,2013,"Education",34,46086,73744,0,0,190,4
851,2019,"Other",44,1614069,145724,0,1,232,5
690,2017,"Environment",48,1414877,34059,0,1,194,4
449,2012,"Education",20,77162,5842,0,1,200,5
849,2023,"Arts",27,412909,86908,0,1,195,4
736,2012,"Education",29,184537,79457,0,0,179,4
336,2015,"Other",29,402448,3506,1,1,197,3
501,2018,"Other",33,955445,89602,1,1,208,3
640,2021,"Environment",38,1368167,313595,1,0,214,4
887,2018,"Other",29,739061,80468,0,0,196,2
506,2016,"Health",30,153622,585647,0,1,211,3
363,2022,"Environment",44,2173654,69416,0,1,229,2
236,2012,"Environment",27,100463,106481,0,1,192,4
466,2019,"Arts",33,190705,165843,0,1,185,5
839,2016,"Arts",27,1147756,203382,0,1,190,1
312,2017,"Education",44,219412,111325,0,0,206,2
607,2014,"Other",20,729614,12130,1,1,180,5
96,2014,"Other",34,147458,17283,1,1,201,4
517,2013,"Arts",33,107388,177723,0,0,205,3
187,2018,"Environment",28,438029,16215,0,1,204,2
645,2014,"Environment",30,414654,25189,0,0,210,3
873,2021,"Education",27,194556,152146,1,0,178,3
593,2014,"Other",29,405010,136385,0,1,186,5
579,2014,"Arts",26,448705,104386,0,0,232,3
77,2022,"Environment",26,856182,28787,0,0,206,5
60,2015,"Environment",30,379126,51134,0,0,198,4
145,2013,"Environment",34,199330,41772,0,0,195,3
513,2023,"Arts",30,399657,32612,0,1,176,3
817,2020,"Education",25,350106,15629,0,0,204,5
82,2018,"Arts",26,193853,20212,1,0,209,5
590,2018,"Environment",39,233408,37279,1,1,195,4
124,2013,"Other",34,201612,8079,1,0,229,4
488,2015,"Other",35,1740040,124914,0,1,212,4
154,2019,"Education",33,54847,59566,1,0,199,5
349,2024,"Environment",29,366815,5450,0,1,176,5
419,2012,"Education",26,81752,14337,0,0,213,4
312,2014,"Health",26,344092,12281,0,0,221,5
622,2016,"Education",36,291463,58223,0,1,195,5
661,2021,"Education",30,287408,120201,0,0,195,3
401,2016,"Education",27,1270380,135689,0,1,215,1
193,2020,"Education",30,786400,20026,0,0,206,3
158,2017,"Environment",31,652754,21980,1,1,187,2
750,2022,"Health",23,759835,31054,0,1,221,3
42,2018,"Arts",29,1438924,34053,1,1,211,1
339,2023,"Other",28,460407,131030,0,1,202,4
10,2023,"Environment",39,868319,31934,1,1,213,4
847,2022,"Arts",41,844475,63138,0,0,206,4
858,2024,"Education",30,238602,4026,0,1,194,5
510,2013,"Education",24,23012,78789,1,1,199,5
405,2021,"Environment",28,1306537,13506,0,0,186,4
375,2017,"Health",22,471177,58341,1,1,210,3
880,2015,"Other",31,34288,37266,1,1,207,4
472,2021,"Environment",35,579857,37212,0,0,195,3
308,2013,"Other",31,172630,65754,0,0,206,5
770,2019,"Other",30,898254,18978,1,1,201,4
232,2021,"Health",38,952776,11358,0,0,194,4
196,2014,"Other",23,836363,229388,1,1,194,5
387,2015,"Other",27,592806,78375,0,0,194,3
140,2018,"Other",32,583319,62829,0,1,202,3
770,2021,"Education",34,408572,2143,0,1,198,5
588,2019,"Arts",36,5914820,15,0,0,197,5
387,2013,"Environment",32,407817,37749,0,1,174,2
799,2018,"Arts",31,543323,18574,0,0,193,2
14,2019,"Environment",32,284495,86891,0,1,197,5
201,2021,"Arts",34,1240173,67882,0,1,205,4
840,2014,"Arts",27,1586712,37161,1,1,197,5
60,2024,"Education",30,494164,24760,1,1,204,3
730,2015,"Arts",23,761099,15425,1,1,222,3
313,2012,"Health",22,348914,10126,1,1,196,1
856,2012,"Other",28,257782,89295,1,0,208,4
292,2014,"Education",35,304807,31404,0,1,185,5
850,2021,"Education",37,1033996,48625,1,1,208,4
884,2022,"Education",32,2372964,20748,1,0,200,5
113,2021,"Health",24,787001,35527,0,1,212,2
344,2023,"Health",37,70825,137057,1,0,165,5
771,2013,"Environment",29,761672,55633,0,0,183,2
243,2015,"Other",42,1764104,410294,1,1,229,4
832,2015,"Health",36,1070795,38096,0,1,214,5
92,2023,"Arts",35,1331482,113249,1,0,213,3
595,2013,"Arts",27,68863,72823,1,1,185,4
669,2022,"Health",22,507694,60359,0,0,242,4
714,2012,"Education",36,4241384,52490,1,1,197,4
791,2017,"Arts",32,166755,58208,1,1,214,5
580,2023,"Arts",34,62631,26767,0,0,210,3
658,2015,"Arts",29,1148802,7415,0,1,190,5
754,2024,"Environment",27,417474,64957,0,1,215,4
282,2013,"Environment",29,458404,14626,1,0,194,4
473,2020,"Health",31,990729,20334,1,1,186,4
585,2020,"Arts",33,103118,92373,0,1,214,5
211,2015,"Arts",36,677927,116321,0,0,198,5
569,2013,"Arts",40,682047,93848,0,1,194,5
736,2014,"Environment",32,20135,110407,0,1,197,5
738,2024,"Education",40,236689,107819,0,0,199,2
24,2016,"Health",35,122059,85039,0,1,213,5
533,2020,"Arts",26,811179,372670,1,0,198,5
542,2015,"Arts",30,72305,40137,0,0,212,4
35,2024,"Education",30,363487,65550,0,0,210,3
70,2014,"Environment",28,543609,241656,0,0,230,2
721,2013,"Education",30,359510,80234,0,0,185,5
244,2016,"Education",29,268313,97861,0,1,190,4
150,2016,"Health",29,176415,72597,1,1,195,5
243,2021,"Environment",29,400623,171413,0,1,216,5
392,2019,"Other",33,5994386,19475,1,0,180,4
149,2017,"Health",42,4398894,76622,0,0,168,4
646,2021,"Other",38,218363,36507,1,1,214,3
742,2020,"Other",32,734736,343707,0,1,203,3
565,2012,"Other",34,1035275,4692,0,0,197,2
802,2024,"Education",27,478467,281145,0,0,196,3
346,2023,"Arts",31,799423,112947,0,0,204,4
302,2020,"Education",43,118140,120160,0,1,195,4
576,2020,"Health",35,183212,58047,0,0,186,5
53,2019,"Health",28,366493,18388,0,1,197,5
567,2013,"Environment",28,2488643,39210,0,1,197,4
284,2018,"Other",36,270651,9351,0,1,206,3
805,2014,"Environment",27,1117140,1634,0,1,210,5
362,2023,"Health",30,600760,254839,0,1,198,5
224,2022,"Environment",23,114090,46716,0,1,198,5
696,2019,"Other",28,400261,40323,0,0,192,5
45,2018,"Environment",39,368985,113344,1,1,191,2
399,2014,"Education",29,4207491,41995,1,1,211,5
598,2012,"Arts",33,208300,204458,0,1,206,3
758,2021,"Health",22,607087,22397,0,1,186,3
193,2017,"Arts",28,340733,78172,0,0,169,5
548,2021,"Environment",37,309593,41537,0,1,206,4
631,2021,"Environment",34,931512,7115,0,1,206,4
491,2013,"Arts",29,241945,9978,1,0,209,5
678,2012,"Education",26,1281816,117579,1,1,195,4
271,2017,"Other",29,512924,101185,0,1,206,1
336,2014,"Education",33,577657,101451,1,1,216,4
499,2019,"Environment",29,1728501,96027,0,1,199,4
504,2021,"Other",21,444486,11455,1,1,178,4
45,2018,"Health",23,530374,185699,0,0,206,4
733,2013,"Environment",30,1980398,13624,0,1,184,5
89,2018,"Arts",42,1365293,208403,0,1,187,4
435,2021,"Health",21,263785,19156,1,1,213,2
102,2019,"Health",28,221919,62286,1,1,191,3
661,2013,"Environment",33,276786,115063,0,1,239,5
648,2021,"Health",23,139509,26162,0,0,211,3
896,2021,"Other",35,2688095,231177,0,0,220,4
301,2013,"Other",29,474592,59227,0,0,202,3
113,2017,"Environment",29,295197,124387,0,0,185,4
704,2013,"Education",27,1956281,51981,0,1,199,4
45,2024,"Environment",22,76488,2826,0,1,197,5
881,2020,"Education",34,1506290,22115,0,1,207,3
599,2016,"Arts",32,83936,137148,0,1,216,3
644,2016,"Environment",30,106236,13333,0,1,185,4
444,2015,"Other",25,266658,195821,0,1,193,2
326,2021,"Education",25,2101180,158135,1,1,202,3
681,2021,"Other",27,209686,76042,1,0,177,4
668,2017,"Arts",35,171958,16326,0,0,186,4
40,2023,"Environment",30,1448118,17042,0,1,212,3
840,2019,"Environment",28,196493,55895,0,0,203,5
84,2015,"Health",26,532422,49154,0,0,208,4
284,2014,"Health",34,1131880,210654,0,1,212,4
160,2013,"Health",33,136548,12394,0,1,211,4
720,2018,"Health",25,1686899,68629,0,0,182,5
675,2019,"Arts",29,416623,213452,1,1,200,3
243,2020,"Other",24,443169,270320,0,1,210,3
588,2017,"Environment",27,684670,70790,0,1,184,5
45,2024,"Health",24,494249,147096,0,1,214,3
112,2023,"Environment",37,3442938,165450,0,1,206,4
434,2014,"Other",26,1742458,18580,0,1,230,1
66,2019,"Environment",29,1645818,66799,1,1,196,5
650,2023,"Health",34,733151,20069,1,1,205,1
411,2014,"Environment",27,904705,18533,1,1,195,4
367,2024,"Other",31,4181728,109125,1,1,185,3
345,2020,"Education",22,1122174,151737,0,0,209,4
193,2021,"Health",32,392932,96699,0,1,207,4
796,2023,"Other",32,7010,10153,1,0,185,5
151,2016,"Health",32,218329,367082,1,1,227,3
683,2017,"Environment",30,519409,51694,0,0,180,4
585,2020,"Arts",33,1220580,209498,0,1,215,5
92,2013,"Other",26,75777,108042,0,0,209,1
16,2024,"Arts",31,544558,163639,0,1,207,3
163,2019,"Arts",35,525072,35814,0,1,199,2
324,2020,"Arts",40,1047086,77058,1,1,206,4
160,2014,"Health",29,805964,15140,0,0,198,5
716,2015,"Arts",31,138415,52946,1,1,230,4
85,2018,"Education",33,662288,100277,1,1,198,4
614,2023,"Environment",35,1245339,77775,0,1,194,4
797,2020,"Environment",35,198307,95147,1,1,174,4
724,2012,"Arts",30,642788,10224,0,0,195,3
543,2017,"Education",37,1544215,120399,0,0,200,4
99,2020,"Other",23,841878,122253,1,0,201,5
805,2019,"Health",26,337857,2266,0,0,223,1
813,2013,"Arts",24,144452,181972,1,0,219,5
246,2014,"Environment",28,128185,172274,0,1,209,4
760,2024,"Arts",31,248233,111620,1,1,205,5
365,2020,"Education",34,672165,25286,1,0,192,4
227,2012,"Environment",33,610226,62918,1,1,204,2
725,2016,"Education",31,652907,169498,1,1,197,2
327,2013,"Health",41,917881,240685,0,0,207,5
828,2018,"Health",33,279198,63819,0,0,197,3
32,2016,"Education",30,442645,77677,0,0,215,4
647,2021,"Education",40,379268,181871,0,1,191,3
739,2021,"Environment",25,197287,65723,0,0,213,3
340,2016,"Arts",34,658511,243802,0,1,214,4
615,2017,"Arts",37,190218,78945,0,0,199,1
361,2018,"Other",28,299220,31671,1,1,185,4
72,2017,"Health",34,1716924,167614,1,0,218,2
22,2012,"Health",34,392159,64619,0,1,185,4
271,2024,"Arts",37,376990,140231,1,0,199,2
479,2017,"Education",23,409891,35621,0,0,209,3
65,2020,"Environment",30,102749,35047,0,0,225,4
869,2018,"Health",35,755966,53612,0,0,178,1
239,2023,"Education",32,5349746,20305,0,1,190,2
49,2012,"Education",22,162175,18819,0,0,180,4
380,2014,"Education",26,565324,113148,1,1,189,3
685,2016,"Education",39,299364,78900,1,0,192,4
554,2024,"Health",22,1523219,40428,0,0,223,4
145,2023,"Environment",32,540279,23276,0,1,175,3
189,2016,"Health",24,4332760,18983,0,0,193,2
267,2015,"Other",29,3724724,239003,0,0,186,5
210,2024,"Other",28,256515,38081,0,0,195,2
348,2013,"Arts",34,2701859,37629,0,1,196,5
487,2015,"Arts",33,1132084,5521,0,0,189,4
158,2015,"Health",32,261161,80164,0,1,206,2
199,2022,"Health",33,533155,11924,1,1,210,4
576,2012,"Arts",38,5532835,62540,0,0,194,4
61,2022,"Other",24,2246144,114809,1,1,196,4
436,2024,"Health",27,419161,55868,0,1,224,4
554,2018,"Other",33,763813,95164,0,0,187,4
95,2018,"Environment",39,435360,12506,1,1,230,3
417,2017,"Arts",35,1517319,3536,0,1,200,4
471,2022,"Health",36,188518,321574,0,1,218,3
627,2022,"Arts",29,732471,44368,0,0,221,3
443,2016,"Arts",47,1691673,71567,1,0,195,2
223,2020,"Health",38,361725,1941,1,1,190,3
123,2012,"Education",29,176287,41785,1,1,198,3
518,2024,"Education",33,266703,57286,0,1,213,3
751,2016,"Arts",27,286022,158789,0,0,177,4
771,2018,"Environment",24,1262954,39229,0,0,209,5
37,2018,"Education",34,484212,132202,0,0,208,2
381,2014,"Health",37,121897,34489,0,0,179,5
245,2016,"Arts",38,473051,189469,0,1,197,3
552,2023,"Arts",39,490429,147946,0,0,214,5
32,2015,"Health",24,1418705,15154,0,0,201,3
609,2019,"Health",26,571588,75116,0,1,200,3
172,2018,"Environment",37,145061,63157,0,1,228,2
558,2023,"Other",32,535598,253871,0,1,193,5
822,2020,"Health",29,941265,51123,0,1,196,3
879,2014,"Other",21,1061944,71508,1,0,180,5
628,2012,"Education",36,458255,47447,0,1,199,5
424,2023,"Health",39,389808,55835,1,0,201,4
684,2012,"Health",32,187070,5691,1,0,192,4
327,2015,"Education",25,507200,119791,0,0,207,4
429,2014,"Health",31,728588,332569,0,0,196,2
558,2015,"Environment",35,1086490,200501,1,0,188,4
317,2017,"Other",24,601922,36138,1,0,177,4
198,2020,"Other",20,98793,107721,0,1,174,3
557,2024,"Other",39,283912,185803,1,0,178,3
733,2020,"Environment",20,489028,53805,0,0,195,3
5,2017,"Arts",28,694411,11423,1,1,195,4
57,2019,"Environment",19,118861,18389,0,1,194,4
366,2012,"Other",30,3190690,26014,1,0,208,3
407,2024,"Arts",35,1070239,807,1,0,197,3
697,2020,"Other",29,169987,44125,1,0,201,2
594,2024,"Arts",28,509421,70043,1,0,202,2
275,2017,"Environment",30,1069095,3216,1,0,200,4
240,2014,"Environment",27,129604,56643,1,1,200,1
568,2016,"Environment",30,4185459,77621,0,1,193,3
547,2024,"Environment",37,550098,34596,1,1,214,3
816,2018,"Other",37,681129,50207,1,1,188,3
305,2019,"Other",31,366166,31603,0,1,207,3
566,2013,"Other",30,213772,1895,1,0,179,5
862,2014,"Arts",28,920088,264814,0,1,194,3
615,2018,"Other",35,1032825,69056,0,0,191,3
59,2012,"Other",37,567386,23669,1,0,222,5
32,2019,"Health",32,229776,99130,0,1,174,2
317,2015,"Education",29,706439,36425,1,0,193,4
209,2015,"Other",32,939902,4269,1,1,221,3
533,2024,"Education",24,504088,57219,1,1,194,5
617,2016,"Other",38,411244,120267,0,1,208,3
576,2021,"Education",31,1021960,192595,0,0,177,3
795,2021,"Arts",42,192737,52961,0,1,228,4
323,2019,"Health",29,2102094,169691,0,0,185,1
305,2015,"Arts",26,336528,12399,1,1,205,5
327,2014,"Health",35,161598,39457,0,0,213,1
124,2013,"Education",35,544819,36365,0,0,198,3
607,2022,"Education",29,283425,148367,0,1,189,3
61,2023,"Arts",33,156547,56432,0,1,205,5
133,2023,"Other",34,712267,6848,0,0,209,4
469,2018,"Other",30,334822,101493,1,0,194,3
287,2017,"Health",36,772508,28889,0,0,213,5
534,2013,"Arts",33,618282,9529,0,1,205,2
585,2020,"Arts",33,611406,80574,0,1,198,4
353,2012,"Health",20,434633,142657,0,1,202,3
857,2021,"Other",28,113670,30205,0,1,197,5
809,2017,"Education",25,326811,13936,0,1,183,3
859,2017,"Environment",30,147542,39765,0,1,226,3
867,2014,"Arts",42,1515581,84492,0,1,204,4
117,2021,"Other",33,511569,16647,0,1,195,4
834,2023,"Health",31,943124,4286,0,0,175,3
471,2018,"Environment",30,205611,87762,0,0,216,5
683,2016,"Other",35,228479,36842,1,1,181,3
883,2014,"Other",30,896314,92516,0,1,203,4
708,2021,"Health",31,410802,12163,0,0,200,3
601,2022,"Education",31,3092997,12399,0,1,219,5
205,2018,"Health",29,242199,17084,0,1,193,4
260,2019,"Arts",30,1003148,38713,0,0,168,4
323,2019,"Arts",43,583701,31505,1,1,195,4
631,2021,"Health",33,458245,96045,0,0,191,5
418,2022,"Environment",21,274444,105033,1,0,195,4
658,2023,"Arts",21,392268,166901,0,1,213,4
410,2016,"Education",25,1429149,68733,0,1,196,4
408,2019,"Environment",30,84753,23335,1,1,194,4
446,2017,"Arts",29,94907,9216,0,1,176,3
531,2014,"Health",24,4508448,232150,1,0,193,5
733,2024,"Health",32,1528261,43993,0,1,195,3
854,2015,"Education",29,457212,129508,1,0,201,3
804,2020,"Health",33,110445,101748,0,1,192,4
142,2015,"Environment",26,256865,35879,0,0,210,3
580,2018,"Arts",29,950341,274650,1,1,189,3
327,2017,"Environment",33,1645858,116193,0,1,207,4
243,2021,"Education",24,1479206,14039,1,0,210,4
693,2019,"Other",20,945918,33765,0,0,219,3
504,2014,"Health",26,359913,45540,1,1,193,4
416,2019,"Environment",24,554170,29683,1,1,218,3
19,2017,"Environment",28,237053,144937,0,1,198,5
799,2012,"Arts",27,95378,10521,1,1,200,4
449,2016,"Education",30,86728,114606,1,0,218,4
8,2018,"Environment",37,375902,117253,0,0,209,1
837,2012,"Health",24,61624,90479,0,0,183,5
614,2021,"Health",31,596696,77943,0,1,189,2
617,2019,"Arts",29,167049,457720,0,1,200,4
528,2021,"Other",26,682210,81309,1,1,218,4
511,2024,"Environment",33,150378,61145,0,1,190,2
756,2024,"Environment",31,384525,70982,0,1,199,4
441,2014,"Arts",21,324206,21494,1,0,206,3
190,2022,"Health",23,547869,57418,1,1,189,3
463,2016,"Education",35,223256,131590,1,0,199,5
482,2016,"Environment",41,734678,37458,0,0,170,4
515,2015,"Other",24,3326241,10757,1,1,199,5
799,2019,"Education",29,1906453,509419,1,1,196,4
737,2022,"Other",36,1800711,84968,1,1,211,3
29,2014,"Health",25,329073,28286,0,1,194,2
206,2022,"Other",34,1422727,148297,1,0,186,4
470,2019,"Health",41,888747,79342,1,1,184,4
507,2021,"Arts",29,477096,139964,1,0,173,5
343,2024,"Environment",30,597824,94451,0,1,178,3
142,2021,"Other",32,230699,9283,1,0,188,3
226,2012,"Arts",23,635714,170878,0,0,204,4
248,2024,"Health",27,527776,389,0,0,188,3
446,2022,"Environment",29,297382,64757,0,0,214,4
423,2017,"Other",28,1760273,122467,0,1,210,5
669,2020,"Environment",48,265951,46672,1,1,196,4
224,2020,"Education",40,1094490,131040,0,1,189,2
895,2019,"Arts",35,1346021,11077,0,0,219,1
748,2022,"Environment",34,563237,75409,1,1,181,3
855,2019,"Education",31,381456,48645,1,1,188,3
391,2016,"Other",33,1672526,265145,1,1,210,3
742,2015,"Education",36,646907,56468,1,0,173,4
82,2015,"Other",24,202957,50704,1,1,202,3
859,2022,"Education",24,148704,188355,0,0,233,4
520,2015,"Education",42,179332,49128,1,0,204,4
89,2016,"Health",43,92572,6823,1,1,194,3
731,2020,"Education",35,414619,62899,1,0,203,4
260,2023,"Environment",24,1250208,40262,1,1,209,5
172,2019,"Arts",39,223999,70751,1,1,207,2
711,2015,"Health",33,627874,31671,0,0,207,3
419,2015,"Health",34,2463934,17890,0,1,188,3
81,2018,"Education",36,165478,72331,0,1,179,3
799,2013,"Environment",32,219891,119313,0,0,212,4
697,2014,"Health",36,27864,74265,0,1,177,3
507,2018,"Arts",31,456412,31362,0,0,219,4
477,2012,"Education",37,171575,10801,0,1,214,3
698,2016,"Environment",26,485808,17033,0,0,169,4
819,2019,"Other",35,54656,46719,1,0,183,3
361,2024,"Education",32,163649,101586,0,1,216,3
397,2012,"Other",29,4729085,38117,0,1,201,4
441,2013,"Health",32,195784,135061,0,1,210,4
860,2023,"Other",22,228900,85214,0,1,213,3
828,2020,"Education",33,515819,50026,0,1,182,3
839,2012,"Environment",41,82172,20613,0,1,217,4
239,2023,"Other",22,932422,30499,0,1,206,3
561,2020,"Environment",38,136345,190512,1,0,210,4
70,2022,"Health",37,569436,149792,1,1,223,2
119,2015,"Arts",32,2143594,7380,0,1,208,3
298,2022,"Health",32,133378,38410,0,0,191,1
227,2012,"Health",26,878286,14206,1,1,181,4
612,2020,"Education",22,180665,37546,0,1,182,3
44,2021,"Arts",22,416661,69689,0,0,217,3
802,2019,"Other",27,153475,86011,1,1,184,4
600,2019,"Other",32,3566849,28336,0,1,208,2
335,2018,"Arts",33,936801,51672,0,0,183,3
93,2021,"Other",29,2408209,99824,0,1,207,1
81,2012,"Education",29,584673,1736,0,1,217,2
765,2021,"Arts",27,739894,10464,0,0,175,5
232,2023,"Health",23,388920,156308,0,0,214,4
350,2023,"Other",27,89213,20055,0,1,202,3
357,2019,"Other",30,290773,56197,0,1,204,4
283,2018,"Environment",20,442223,59664,0,0,230,2
237,2014,"Education",29,755859,126664,1,0,192,1
551,2016,"Arts",31,245912,31442,1,0,213,5
781,2020,"Arts",36,135942,34202,1,0,206,5
198,2014,"Arts",31,1399073,56195,0,0,195,4
66,2015,"Arts",29,284699,62850,1,1,249,4
56,2015,"Arts",31,1004292,2022,0,0,202,5
690,2021,"Health",30,300689,18458,0,0,198,3
528,2022,"Health",31,221461,184600,0,0,209,4
482,2012,"Health",42,534489,9300,0,1,184,2
637,2021,"Environment",33,2286867,17264,0,1,222,4
487,2016,"Arts",31,573762,302717,0,0,169,5
814,2012,"Education",30,143656,77800,1,1,225,4
531,2021,"Arts",39,165759,53748,0,1,209,4
209,2022,"Education",28,1788791,139316,0,0,217,3
851,2018,"Arts",28,2257677,136267,1,1,179,4
499,2021,"Other",43,533494,80765,1,0,215,4
331,2012,"Education",26,1036871,184757,0,1,204,2
559,2024,"Education",35,141739,207203,0,1,210,4
237,2017,"Education",39,244532,5480,1,1,201,1
774,2020,"Environment",35,3450038,21831,1,1,191,1
740,2021,"Health",30,663270,48630,0,1,214,4
508,2019,"Education",37,658449,127908,0,0,198,3
493,2021,"Environment",37,609892,66536,0,0,185,1
148,2016,"Health",31,462908,97571,0,1,194,5
497,2022,"Health",38,241283,85333,0,1,193,3
457,2024,"Health",40,420359,130984,0,0,191,3
17,2015,"Education",36,478084,156039,0,1,207,3
892,2020,"Other",30,1025706,40926,0,0,207,3
775,2015,"Health",38,1332205,18841,0,1,203,4
466,2016,"Arts",26,213520,8330,0,0,163,1
95,2014,"Education",40,211785,14439,0,1,218,5
299,2014,"Other",39,154737,5695,0,1,201,1
767,2021,"Arts",36,118278,2522,0,1,183,3
818,2022,"Other",32,2215501,16400,0,1,220,3
553,2014,"Other",43,453148,62810,0,1,203,1
66,2024,"Health",24,176179,129716,0,0,193,4
262,2020,"Environment",30,1165092,1789,0,1,202,1
474,2020,"Arts",34,372492,349622,0,1,187,4
631,2014,"Environment",29,745561,57697,0,1,224,4
879,2015,"Environment",26,468481,59993,0,1,196,3
495,2016,"Environment",26,96770,27507,0,0,213,1
722,2019,"Arts",34,2386699,35647,1,0,195,3
873,2019,"Other",30,1161531,114081,0,1,205,5
423,2020,"Other",37,2856363,96727,0,1,228,3
671,2018,"Arts",25,127059,71397,0,1,214,4
347,2016,"Health",40,639894,16309,1,1,209,3
665,2016,"Education",29,99768,42229,0,1,184,4
372,2024,"Health",33,573244,2167,0,0,182,5
799,2018,"Education",31,714414,238280,1,1,208,3
698,2016,"Environment",30,302792,46752,0,1,179,4
827,2012,"Arts",32,310110,55385,1,1,188,3
625,2013,"Environment",32,1198746,54967,0,1,211,2
137,2024,"Health",41,3358290,74052,1,0,171,3
227,2021,"Education",34,360826,55508,0,0,206,5
185,2020,"Arts",31,204644,268209,0,1,201,2
562,2015,"Health",32,2421675,118225,0,1,222,4
287,2012,"Other",27,780219,91345,1,1,185,5
216,2013,"Health",34,2902520,4338,1,1,196,5
122,2012,"Environment",30,445345,21314,0,1,192,4
840,2013,"Health",29,202744,163306,0,1,227,3
830,2020,"Education",21,1034572,70077,0,0,219,4
395,2023,"Arts",30,234950,47967,0,1,212,2
407,2022,"Health",29,211857,42939,0,1,220,4
373,2013,"Education",39,484851,240312,0,1,184,3
274,2015,"Other",30,1069196,127654,0,1,203,4
511,2019,"Other",33,2645732,61055,0,0,194,4
333,2023,"Environment",32,68939,125468,0,0,183,5
567,2017,"Environment",19,1603636,100311,0,0,211,3
892,2020,"Other",21,439534,196608,0,1,209,3
538,2022,"Health",24,1917895,108056,0,1,210,5
103,2016,"Education",33,617743,51920,0,0,176,3
755,2015,"Education",38,770989,24294,0,1,198,5
112,2020,"Arts",26,244030,82316,0,1,204,3
81,2024,"Education",43,540023,73081,0,0,189,4
378,2015,"Health",30,549222,112765,0,1,197,2
159,2014,"Health",41,157565,79424,0,1,197,5
864,2021,"Health",30,1118591,2391,0,1,188,3
824,2020,"Health",29,2827465,81525,0,0,206,4
439,2022,"Education",24,842380,26875,1,1,199,2
759,2019,"Environment",25,279516,17140,0,1,191,5
353,2020,"Other",36,1155201,62804,1,0,209,4
273,2016,"Other",46,756544,12332,0,0,194,5
125,2021,"Education",39,234941,145646,1,0,192,4
698,2016,"Arts",34,229725,19452,0,0,194,4
318,2020,"Education",31,132271,102038,0,1,178,5
274,2012,"Other",41,1333623,305,0,1,196,3
246,2017,"Arts",33,195887,165004,0,0,178,5
887,2022,"Other",43,137868,6155,1,1,185,4
626,2019,"Arts",28,623325,163892,0,1,221,4
303,2016,"Health",22,53732,90037,0,1,186,4
529,2015,"Arts",35,1959792,32939,0,1,214,3
162,2013,"Education",28,430214,65984,0,1,185,2
371,2019,"Health",31,1816222,3354,0,1,193,3
812,2016,"Health",32,355900,260816,0,1,209,3
644,2018,"Arts",31,1278115,30515,0,1,227,4
53,2014,"Other",30,916379,90014,0,1,208,5
830,2020,"Arts",27,261725,12954,0,0,170,4
381,2012,"Arts",33,1845073,290176,0,1,200,4
852,2022,"Other",35,1436319,308553,0,1,204,4
187,2024,"Other",32,197212,89469,0,1,219,4
800,2020,"Other",31,136415,6928,0,1,225,2
374,2012,"Other",30,249855,34872,0,0,225,3
135,2016,"Other",35,1729009,104641,0,0,203,3
321,2013,"Health",39,2189569,4758,1,1,220,4
184,2020,"Education",34,1956174,294779,1,1,229,5
845,2013,"Health",32,246177,76211,0,0,190,5
572,2019,"Arts",22,201387,8636,1,1,196,5
411,2012,"Environment",35,969677,414228,0,1,214,4
468,2024,"Environment",37,4574156,28880,0,1,197,3
370,2019,"Environment",42,75075,33351,1,0,189,2
591,2017,"Education",30,400090,293668,0,1,201,4
705,2019,"Education",30,944698,54413,0,0,181,3
51,2015,"Arts",36,436759,23719,1,0,197,4
601,2023,"Health",38,1495373,83210,1,0,193,3
44,2013,"Environment",37,236274,7138,0,1,208,4
219,2015,"Environment",26,338663,12575,0,1,223,2
868,2015,"Other",31,178439,89506,0,1,181,5
124,2015,"Other",23,692609,24975,0,1,203,3
118,2024,"Health",32,623929,204552,1,1,198,4
800,2015,"Arts",30,1147116,171408,0,0,239,4
793,2016,"Other",38,276978,29216,0,0,210,4
780,2022,"Environment",38,565195,28518,0,1,207,1
539,2013,"Environment",26,132699,127209,1,1,200,5
415,2021,"Environment",27,822324,15182,0,1,177,4
387,2021,"Other",27,826865,40044,1,1,189,4
30,2018,"Arts",33,92618,54206,0,1,174,5
150,2014,"Health",30,659900,1675,1,0,179,3
213,2022,"Environment",40,488777,137646,0,0,211,2
773,2012,"Education",36,106905,175451,1,1,205,3
758,2013,"Health",32,62138,46991,1,1,193,4
361,2012,"Education",29,761968,49546,0,1,204,3
455,2017,"Health",31,667225,8722,0,1,201,3
96,2014,"Health",29,1980235,61075,1,0,209,2
345,2023,"Arts",24,336678,63869,1,0,202,4
671,2014,"Education",24,94325,12320,0,0,210,2
363,2019,"Arts",33,518219,2087,0,0,203,4
170,2023,"Education",34,883028,47270,1,1,198,3
129,2012,"Health",34,677243,237484,1,1,227,3
32,2017,"Education",27,161311,6529,1,1,193,3
300,2021,"Health",33,154212,83421,1,1,201,5
893,2018,"Environment",31,4143958,425686,0,1,205,4
744,2020,"Environment",24,92663,140359,0,0,218,4
555,2021,"Other",31,436501,10739,0,1,182,3
278,2024,"Health",31,1203071,819,0,0,218,4
119,2021,"Other",24,148115,52367,0,0,193,3
717,2014,"Arts",31,27356,118088,1,0,203,4
564,2015,"Arts",38,272854,145698,1,1,195,4
899,2024,"Health",26,354043,71879,0,1,216,3
859,2013,"Environment",31,687521,75414,0,1,184,3
207,2015,"Health",24,424013,42524,0,1,245,4
680,2017,"Other",25,112494,240589,0,0,179,4
375,2016,"Other",29,1142785,40855,0,1,213,5
661,2023,"Health",26,2723305,15461,0,1,205,3
126,2019,"Arts",35,631269,83119,0,1,188,5
690,2022,"Health",30,223797,55564,1,0,218,4
227,2012,"Environment",31,460584,173908,0,1,175,4
9,2013,"Health",34,448990,20479,0,1,204,3
348,2024,"Health",40,1776290,132711,0,0,190,5
806,2017,"Education",42,99426,96368,0,1,198,3
115,2015,"Environment",36,309305,178345,1,1,180,1
858,2024,"Arts",31,394263,12337,0,1,204,3
496,2024,"Other",27,126559,170770,0,0,198,4
543,2016,"Environment",23,246672,21419,0,0,198,3
484,2020,"Education",31,487879,50132,0,0,194,3
718,2019,"Environment",30,473480,23778,0,0,205,3
441,2020,"Education",33,640962,288313,0,1,221,4
680,2023,"Health",27,319811,36837,1,0,190,4
819,2020,"Environment",30,220402,70208,0,0,204,4
840,2023,"Environment",44,1892463,264180,0,1,205,4
647,2012,"Health",28,1833284,88535,0,1,189,4
496,2013,"Education",24,340959,17708,0,1,190,2
628,2023,"Health",31,334756,7716,1,0,207,3
153,2018,"Health",27,1485988,18823,0,1,199,4
542,2012,"Health",32,512520,37480,1,1,175,5
325,2016,"Other",27,211350,146409,0,0,197,3
355,2017,"Health",28,4497753,179450,0,0,192,4
236,2013,"Other",36,544481,17226,0,1,184,3
859,2021,"Education",27,348179,114669,0,1,212,3
716,2019,"Health",32,484391,121771,0,1,190,4
608,2021,"Environment",29,219795,208708,0,1,203,4
94,2018,"Environment",38,130363,65158,0,1,201,3
786,2014,"Health",29,143240,8055,0,1,183,3
661,2013,"Other",32,442832,50251,1,0,208,4
254,2013,"Environment",40,587920,53634,0,0,212,2
406,2015,"Environment",33,812697,82122,1,1,192,5
159,2024,"Education",31,305002,12404,0,1,173,5
737,2014,"Education",30,195762,50405,0,1,170,5
303,2024,"Health",31,136279,40487,0,0,186,4
520,2014,"Other",31,441144,32778,0,0,190,5
663,2012,"Education",34,908651,310156,0,1,199,5
81,2016,"Other",24,1359259,5509,1,1,198,3
57,2013,"Education",36,536870,28208,0,1,191,3
610,2021,"Other",28,1463439,68409,1,0,189,3
61,2024,"Health",31,242479,2366,0,1,186,2
164,2013,"Other",41,211936,8895,0,0,206,3
809,2015,"Health",32,510531,12216,1,0,199,4
499,2016,"Environment",41,608927,70557,1,1,203,3
511,2023,"Education",36,151189,73583,0,0,215,4
56,2020,"Environment",32,116997,15669,0,1,200,3
626,2023,"Environment",36,2104164,98318,0,0,194,1
794,2024,"Health",32,276779,44647,0,1,184,4
80,2018,"Environment",33,1232441,42946,0,0,193,5
850,2019,"Education",38,430732,16166,1,0,201,5
382,2022,"Environment",21,2133219,156951,0,1,219,3
370,2018,"Arts",31,1141260,83603,0,0,213,5
392,2013,"Arts",34,53140,58212,1,1,198,4
491,2012,"Health",25,1022099,4810,0,1,187,2
330,2020,"Other",24,1303839,36744,0,1,201,2
51,2021,"Education",30,1490948,34775,0,1,210,5
606,2015,"Other",28,6477075,44092,0,1,193,3
82,2022,"Other",28,600174,48592,0,0,205,3
777,2014,"Other",28,823316,17817,0,0,222,5
505,2013,"Education",34,101619,16766,0,0,204,4
845,2022,"Environment",29,762541,489488,0,0,205,2
190,2022,"Other",23,420786,73040,0,1,195,5
72,2019,"Education",31,272471,3933,0,1,192,5
455,2017,"Environment",24,278224,14891,0,0,176,5
711,2013,"Health",27,846033,288581,0,0,193,4
186,2023,"Environment",27,1204478,158300,0,1,206,2
839,2021,"Other",26,634687,11869,0,1,197,4
573,2019,"Education",26,599333,81006,0,1,186,3
177,2022,"Other",37,97096,170907,0,0,207,4
478,2023,"Education",33,272616,31093,0,1,195,4
241,2015,"Arts",27,218169,156621,0,1,188,4
556,2012,"Environment",48,416660,169361,1,1,200,4
12,2014,"Arts",17,383906,56714,0,1,219,4
402,2013,"Arts",34,193109,2767,1,0,189,5
316,2019,"Arts",34,119682,45861,0,0,196,3
235,2024,"Health",23,2082396,49014,0,1,183,3
358,2024,"Health",30,749732,57441,0,1,194,4
223,2020,"Health",29,365053,70194,0,0,206,3
347,2023,"Arts",23,1401863,23923,0,0,215,5
146,2021,"Other",31,2357649,51596,0,0,218,3
698,2019,"Other",31,267021,16890,0,0,209,3
197,2019,"Other",28,108449,250786,1,0,169,4
15,2021,"Arts",26,1520233,299994,0,1,206,3
244,2021,"Environment",26,918477,49839,1,1,216,3
112,2012,"Health",22,281257,18790,0,1,201,3
331,2020,"Arts",32,883819,206574,0,1,216,4
758,2021,"Health",39,880934,146939,1,0,190,4
72,2024,"Health",29,414591,22995,0,1,179,4
763,2019,"Education",32,166812,18223,1,0,197,4
409,2023,"Environment",24,361033,55272,0,0,187,3
22,2013,"Arts",31,579871,28119,0,1,207,3
621,2023,"Education",32,253443,7782,0,1,187,2
876,2024,"Arts",39,941593,410889,0,0,200,5
55,2024,"Environment",36,584937,103166,0,0,190,3
522,2019,"Other",37,1058554,7617,0,0,197,5
509,2020,"Environment",33,1499432,16760,0,1,206,1
790,2020,"Education",26,115101,98362,1,1,182,4
581,2020,"Arts",28,73314,58141,1,1,212,3
291,2013,"Environment",30,499212,47656,1,1,212,5
517,2024,"Other",29,244692,72888,0,0,208,5
544,2019,"Education",29,389009,192539,0,0,207,1
709,2017,"Health",40,655156,63331,0,0,200,2
174,2023,"Health",44,103151,19426,0,0,207,5
640,2020,"Education",31,353966,13996,0,0,205,3
317,2023,"Environment",24,1016048,132294,0,0,205,2
231,2014,"Health",33,172040,71976,0,0,210,3
458,2021,"Environment",37,337467,89464,0,1,201,4
174,2024,"Health",34,1550173,88415,1,1,207,1
602,2012,"Environment",36,1129044,53102,0,0,201,4
257,2020,"Arts",26,413674,17709,0,1,191,5
870,2022,"Health",38,661245,59107,0,1,196,1
353,2016,"Environment",29,3124828,132289,1,0,225,3
803,2018,"Health",32,72906,86548,1,1,209,4
170,2017,"Other",24,614492,41069,0,0,204,3
226,2019,"Environment",29,2202341,158493,0,1,206,5
505,2018,"Other",31,603875,20883,0,0,209,5
93,2024,"Arts",31,225010,14072,0,1,179,3
296,2024,"Arts",40,669762,14174,0,1,218,3
498,2020,"Education",35,1091812,31705,1,0,201,4
722,2019,"Health",29,42481,24121,1,0,202,4
184,2014,"Other",32,85560,29688,0,1,183,3
568,2016,"Other",23,1337234,26119,0,0,188,5
7,2019,"Environment",36,466345,8666,0,1,222,3
354,2021,"Environment",22,248981,26303,0,1,216,5
572,2012,"Environment",34,1979071,39513,1,0,207,4
236,2021,"Education",34,185927,22406,0,0,209,3
421,2013,"Arts",39,59771,33229,0,0,185,3
498,2019,"Arts",23,3132835,16809,0,1,196,4
783,2020,"Arts",35,502295,17231,1,1,188,2
769,2013,"Health",23,338566,85582,0,1,206,4
682,2012,"Education",33,401327,349947,0,1,200,5
819,2023,"Other",22,473272,26322,0,1,198,5
753,2024,"Arts",26,487179,69824,0,1,199,1
517,2021,"Other",30,193050,76362,1,1,223,4
466,2016,"Education",33,373660,25076,0,0,199,4
663,2024,"Arts",39,490123,120365,0,0,178,5
149,2020,"Environment",27,212512,80686,1,0,194,3
850,2015,"Environment",24,663649,701,1,0,184,3
74,2014,"Environment",30,304338,15154,0,0,232,3
654,2022,"Health",31,43408,151853,1,1,224,4
674,2021,"Education",40,1525553,65599,0,1,202,3
471,2012,"Other",34,219201,45175,0,1,208,5
679,2019,"Education",33,1547040,50723,0,1,223,4
205,2013,"Other",30,163003,78901,1,1,189,4
637,2018,"Education",35,794562,35318,1,1,211,5
508,2019,"Other",32,167670,11181,0,0,214,5
353,2015,"Other",34,149056,70246,0,0,200,3
856,2013,"Health",28,1637490,93096,1,0,203,5
7,2016,"Other",31,200933,8974,1,0,200,3
411,2017,"Education",34,1704119,15052,0,1,183,4
410,2022,"Environment",24,547209,22999,0,1,205,4
415,2018,"Other",32,2815047,93363,0,0,212,4
154,2013,"Arts",41,136698,60994,0,1,187,1
488,2014,"Health",38,699747,130297,1,0,202,4
49,2023,"Education",28,423078,79201,0,0,186,5
546,2015,"Health",28,830078,46482,1,1,226,4
214,2017,"Environment",40,2700262,9159,0,1,195,3
67,2020,"Arts",29,139519,13147,0,0,189,4
443,2013,"Arts",32,280549,264517,0,1,192,4
790,2024,"Other",32,743832,247902,0,1,200,4
493,2015,"Other",33,446722,115140,0,0,169,4
251,2017,"Arts",27,1103382,114738,1,0,206,3
446,2022,"Environment",25,994892,20492,0,0,198,1
574,2017,"Health",27,1081022,47153,1,0,205,4
593,2013,"Arts",34,1217665,132099,0,1,211,3
5,2013,"Health",33,270500,51364,0,1,199,1
731,2015,"Health",37,298283,19578,1,1,205,4
784,2019,"Health",33,1227460,19533,1,1,220,4
465,2015,"Arts",30,2159108,42561,1,0,188,4
715,2020,"Arts",30,651290,48907,0,0,219,2
412,2024,"Arts",20,455061,113377,0,0,173,3
69,2022,"Other",28,1180699,61734,0,0,211,4
36,2015,"Arts",27,343854,35878,0,0,179,4
873,2019,"Other",37,202171,35683,0,1,204,5
303,2013,"Education",36,319603,5570,0,1,181,4
723,2023,"Arts",34,127989,85379,0,0,187,5
507,2020,"Health",27,451079,85338,0,1,186,5
312,2015,"Education",30,354181,16617,0,0,238,3
242,2015,"Other",33,1123819,145204,0,1,216,3
735,2023,"Environment",31,1001569,145440,0,0,192,4
707,2013,"Other",38,1425169,390,0,1,215,3
138,2024,"Environment",29,165031,3923,0,1,201,4
841,2024,"Other",35,859649,269747,0,0,227,3
87,2022,"Other",25,109501,45369,0,0,204,5
434,2012,"Education",27,873846,61151,1,0,195,4
81,2012,"Arts",35,351572,9562,1,1,171,4
218,2014,"Other",25,2157972,132183,1,0,198,4
857,2012,"Other",23,337989,88072,0,1,201,4
65,2014,"Other",36,593584,159846,1,1,215,3
41,2018,"Health",31,186222,17469,1,1,189,1
274,2017,"Arts",36,680134,48127,0,0,195,4
774,2020,"Other",34,854507,2580,1,1,213,4
716,2014,"Environment",27,2014385,4739,1,0,199,3
409,2015,"Arts",26,757407,233898,0,1,191,2
529,2019,"Environment",29,1697591,11312,0,0,224,5
439,2022,"Environment",44,235866,194470,0,1,218,4
873,2014,"Arts",32,548935,176191,0,0,225,4
697,2022,"Arts",29,1692371,230800,1,1,207,2
666,2024,"Other",35,497240,30320,1,1,196,4
736,2016,"Other",35,874989,7241,1,1,192,3
507,2017,"Education",34,61804,72075,1,1,202,4
881,2024,"Other",35,454311,102441,1,0,203,3
805,2012,"Education",35,133409,7976,0,1,195,4
618,2021,"Other",27,322260,15326,1,0,218,4
622,2023,"Education",31,80348,48081,1,0,219,4
346,2016,"Education",28,303413,124801,0,1,204,4
70,2015,"Health",34,61254,35960,1,0,192,5
177,2017,"Education",31,591209,980,0,0,225,4
525,2024,"Arts",28,477425,36611,0,1,186,3
329,2019,"Education",31,957361,56763,0,0,216,4
725,2020,"Environment",31,1514348,20626,0,0,214,3
413,2013,"Health",27,318499,90882,1,1,178,3
876,2020,"Health",31,702046,44153,0,0,212,4
827,2014,"Health",31,145736,228422,0,0,183,4
678,2018,"Environment",46,263005,177595,1,0,194,3
864,2019,"Health",37,531320,50278,0,1,173,4
880,2014,"Education",34,982904,89925,0,0,191,1
600,2012,"Health",34,302096,38163,0,0,185,3
230,2015,"Other",34,331089,11591,0,1,196,5
566,2019,"Health",24,907385,78468,0,1,206,3
758,2018,"Health",24,1880582,128125,1,1,194,2
267,2018,"Other",29,429095,10257,0,1,188,4
673,2022,"Other",20,419746,326899,0,1,211,3
353,2021,"Environment",34,970617,49036,0,1,207,4
124,2013,"Arts",34,273352,42693,0,0,210,4
685,2023,"Arts",31,268784,21784,0,1,202,4
813,2017,"Arts",31,1121942,272193,0,1,204,5
595,2023,"Education",31,1953150,27550,0,1,187,3
748,2013,"Health",32,268483,11648,0,0,234,4
189,2023,"Health",29,348638,43573,0,1,199,2
572,2017,"Other",34,934813,5124,1,1,180,3
316,2018,"Environment",35,488447,184567,1,0,208,3
783,2013,"Health",30,2588437,91724,1,1,224,4
390,2020,"Health",35,769953,34817,0,0,202,3
36,2024,"Education",27,156300,46374,0,0,202,3
26,2015,"Arts",31,660780,23741,1,1,194,4
457,2018,"Education",29,499515,18154,1,0,179,3
119,2017,"Education",35,410676,2099,0,1,206,3
599,2021,"Health",31,361503,5321,1,0,209,3
895,2015,"Arts",36,90020,51469,1,0,186,4
86,2013,"Arts",18,363765,47726,0,1,208,1
544,2012,"Education",26,438485,4931,0,0,200,4
438,2019,"Arts",29,596519,199756,0,0,179,4
143,2020,"Environment",32,352181,7610,0,1,188,5
519,2022,"Health",29,1326997,45884,1,0,192,1
36,2015,"Education",33,788952,62928,0,1,210,3
859,2021,"Arts",29,616279,44476,1,0,207,4
767,2015,"Health",32,2313181,183258,0,1,205,5
750,2020,"Arts",39,782477,99229,0,0,177,4
357,2014,"Other",46,537915,54729,0,0,191,5
485,2014,"Environment",29,170275,36122,0,0,193,3
742,2024,"Other",32,154759,97824,0,1,227,5
361,2018,"Health",35,292104,18167,1,1,197,1
646,2023,"Environment",18,955229,191204,0,0,183,5
538,2017,"Education",35,615788,14571,0,1,193,5
426,2012,"Education",31,169726,33885,0,1,204,1
32,2021,"Environment",26,159110,7100,0,0,192,4
700,2018,"Education",38,363151,49713,0,1,209,2
83,2013,"Arts",35,993007,44378,0,1,226,5
32,2020,"Environment",32,322422,14525,0,0,203,4
274,2019,"Education",34,278639,199390,1,1,169,4
15,2023,"Arts",25,89769,54086,0,0,190,3
297,2021,"Environment",27,70698,68799,0,1,207,4
98,2021,"Arts",27,263040,102986,0,1,192,4
288,2017,"Health",26,1156697,67975,0,1,196,2
168,2016,"Arts",30,1780047,114825,0,1,209,4
545,2019,"Arts",33,288765,86936,0,0,205,3
629,2021,"Education",26,1380407,139863,1,1,186,3
646,2018,"Environment",26,213851,115484,0,1,199,4
887,2023,"Arts",37,6470915,162438,1,0,195,3
140,2014,"Health",33,947947,8509,0,1,217,4
632,2017,"Education",37,1941197,2678,1,0,212,3
753,2023,"Arts",45,475893,13604,0,0,204,4
858,2019,"Arts",35,1750598,155212,0,1,212,4
141,2012,"Health",20,520488,22622,0,1,202,5
354,2018,"Arts",38,467616,28208,1,1,221,1
405,2022,"Education",40,842350,30046,0,0,168,5
252,2014,"Education",30,121368,5006,0,0,202,4
540,2019,"Other",29,2723678,7797,0,0,205,4
775,2023,"Environment",21,329126,279996,0,1,196,3
484,2024,"Arts",35,990578,106396,0,0,178,4
896,2020,"Health",31,1792188,154901,1,1,191,3
71,2015,"Other",41,283181,42441,0,0,202,4
23,2018,"Environment",27,1426712,68597,1,0,198,2
618,2024,"Other",32,1215242,307233,0,0,192,5
494,2015,"Environment",25,312718,94349,0,0,167,3
471,2018,"Other",29,18784,68757,1,1,201,3
436,2022,"Health",24,569952,58429,1,1,216,5
287,2023,"Health",31,111273,89857,0,0,158,3
539,2013,"Environment",22,403324,5122,0,1,206,5
513,2024,"Environment",34,2363705,93540,0,0,184,2
875,2020,"Arts",31,204848,81290,1,1,207,3
442,2022,"Arts",33,513350,284556,0,0,212,3
230,2014,"Other",18,98782,18621,1,1,201,5
212,2013,"Environment",28,524741,47090,0,0,178,2
150,2021,"Environment",40,3144474,11905,0,1,206,2
251,2013,"Education",34,150075,89087,0,0,199,4
617,2023,"Arts",23,394007,17589,0,1,197,3
389,2023,"Health",31,97871,608711,1,1,197,3
591,2023,"Other",36,473624,76878,0,1,162,4
591,2015,"Education",23,75828,39229,1,0,193,3
122,2015,"Health",17,303146,25871,0,1,217,3
451,2017,"Education",31,583343,14711,1,0,194,4
848,2024,"Education",32,77939,106938,0,0,212,4
529,2012,"Education",32,262938,13271,0,1,185,2
258,2012,"Education",32,34907,92301,0,1,206,4
304,2015,"Other",36,106607,87758,0,1,194,3
846,2023,"Arts",34,262994,58861,1,1,228,5
877,2023,"Education",30,614314,72629,0,1,216,3
806,2013,"Arts",33,573291,46586,0,0,185,2
847,2019,"Arts",36,769292,32964,0,0,221,3
745,2015,"Arts",28,319649,20569,0,0,193,5
313,2019,"Education",23,3793313,13172,0,1,200,3
869,2012,"Environment",33,243060,67896,0,1,195,5
337,2018,"Arts",32,203496,142969,0,1,200,4
650,2013,"Education",31,1020063,150057,1,1,188,3
640,2019,"Environment",43,865135,133164,0,0,201,3
248,2013,"Education",20,62466,52604,0,1,212,3
680,2015,"Arts",35,1051579,24861,0,0,198,4
578,2019,"Education",24,1791122,78256,0,1,206,3
893,2013,"Other",42,1017024,591373,0,1,199,3
135,2012,"Other",36,74342,47225,1,1,201,1
133,2022,"Environment",19,538824,37795,0,0,197,2
507,2022,"Arts",33,173953,36540,0,1,202,5
734,2022,"Environment",29,1463506,224630,1,0,197,4
209,2019,"Environment",38,732313,65810,1,1,207,3
798,2023,"Arts",20,301395,172329,0,0,205,3
692,2019,"Education",38,522792,3112,0,0,206,2
164,2018,"Arts",43,1319003,4067,0,1,181,4
136,2019,"Other",30,746941,36335,1,0,197,3
21,2018,"Education",24,207591,108756,0,0,205,5
173,2022,"Environment",33,217187,52560,0,1,200,5
506,2017,"Arts",39,428951,80428,0,1,196,3
788,2021,"Health",31,2205476,168230,0,0,196,2
163,2018,"Education",34,216254,90851,1,1,189,5
251,2019,"Health",22,1038850,6337,0,1,182,4
645,2019,"Environment",27,372495,107786,0,0,208,4
662,2012,"Arts",21,278517,73032,0,1,207,4
581,2020,"Environment",33,286620,227322,0,0,169,5
523,2013,"Health",33,216180,66539,1,0,182,3
634,2013,"Environment",22,777900,57000,1,1,192,3
171,2019,"Education",36,889132,72,1,1,176,2
390,2024,"Environment",29,1000813,42875,0,0,191,3
793,2018,"Health",42,327478,20443,0,0,197,4
471,2018,"Health",27,243508,12500,0,0,208,4
419,2013,"Arts",22,326650,46158,1,0,188,3
300,2019,"Other",34,644640,7207,1,1,191,3
149,2015,"Other",41,342736,41622,0,1,181,3
573,2012,"Health",32,192348,27686,0,0,208,5
321,2021,"Health",43,569506,10667,0,1,159,3
676,2020,"Environment",31,1676265,144522,1,1,204,3
284,2023,"Environment",36,203706,589910,0,0,209,4
602,2020,"Health",35,975266,23764,0,0,210,2
505,2014,"Education",26,1670204,184,1,1,201,4
150,2024,"Arts",32,602609,28654,0,1,184,1
863,2014,"Other",34,5968646,21242,0,1,208,3
327,2016,"Arts",28,282229,645,0,0,225,3
239,2023,"Arts",33,464441,97796,1,0,193,3
283,2014,"Arts",43,419453,46710,0,1,204,3
544,2017,"Health",29,319476,10300,0,0,204,4
171,2017,"Environment",29,633855,28909,0,1,201,5
798,2020,"Arts",22,567667,129865,1,0,209,4
529,2019,"Health",30,1871107,19430,0,1,210,5
653,2017,"Arts",34,90764,37056,1,0,204,5
172,2019,"Environment",31,96793,55276,0,0,204,3
802,2012,"Education",28,276077,16303,0,1,179,4
843,2012,"Environment",24,194085,5042,1,1,180,4
485,2014,"Environment",38,1728320,21065,0,1,175,3
561,2013,"Environment",36,147926,143816,0,0,205,5
653,2019,"Education",38,1536141,80639,0,0,199,3
464,2020,"Arts",36,1720524,207826,0,1,176,5
824,2018,"Education",34,3934033,23751,0,1,198,3
664,2018,"Education",36,628242,113668,0,0,186,4
880,2012,"Health",32,2046223,21980,1,1,214,3
806,2018,"Environment",22,942879,15369,0,1,202,4
744,2015,"Arts",29,2954304,95558,0,1,215,5
353,2014,"Other",28,529759,257144,1,1,186,4
425,2019,"Education",38,1202114,9402,0,0,200,3
796,2019,"Environment",32,28433,21153,0,1,212,2
881,2016,"Environment",24,1402962,72904,0,1,200,4
592,2023,"Other",26,1184930,1612,0,1,208,4
825,2021,"Environment",29,276643,18133,0,0,212,4
12,2024,"Education",27,244919,22765,0,1,201,3
716,2022,"Other",32,554057,65374,0,1,178,4
199,2023,"Other",29,318249,119821,0,0,190,5
827,2016,"Arts",30,397435,179381,0,1,219,4
851,2017,"Health",33,3100824,35254,1,1,212,3
180,2012,"Other",24,1090604,259779,1,1,183,4
558,2015,"Education",21,1265832,48253,0,0,204,5
270,2022,"Health",33,300905,132604,1,1,191,5
7,2013,"Other",29,949047,29509,1,1,187,5
464,2017,"Other",33,202182,12372,0,1,187,3
650,2020,"Arts",34,334917,131967,0,1,183,3
727,2019,"Health",36,316867,148572,1,0,180,4
195,2024,"Education",22,1137038,3811,1,0,192,4
479,2013,"Environment",29,125455,195452,0,1,197,5
24,2014,"Education",31,157341,62197,1,0,185,4
32,2014,"Environment",40,1455376,20967,0,1,221,2
718,2013,"Education",35,832272,25126,0,0,234,5
616,2023,"Other",38,1953862,48806,0,1,186,4
568,2016,"Other",39,505730,13216,0,1,216,3
350,2022,"Other",34,401693,668,0,0,193,4
400,2017,"Other",25,1325650,28487,0,1,189,1
108,2013,"Arts",24,1301428,58488,0,0,201,2
185,2015,"Education",30,692114,11976,0,1,201,3
104,2021,"Education",25,49812,178377,1,1,208,5
521,2024,"Other",31,986471,17404,0,0,217,1
656,2014,"Education",38,2859349,51244,0,1,217,5
113,2018,"Health",34,1141980,77864,0,1,206,4
20,2020,"Education",32,154238,110380,0,1,202,4
672,2019,"Other",24,2010383,20417,0,1,202,4
872,2021,"Education",33,749462,83896,0,1,198,4
678,2014,"Environment",30,145268,104249,0,0,201,5
53,2013,"Arts",32,918007,124275,1,1,184,4
179,2018,"Other",22,141365,52997,1,1,187,4
882,2016,"Arts",35,215238,84068,0,1,180,4
575,2017,"Arts",30,45779,34538,1,1,195,3
829,2018,"Health",31,46494,61123,0,0,193,5
137,2016,"Education",30,545420,46071,0,1,190,4
564,2024,"Arts",36,703006,107236,0,1,211,3
368,2014,"Other",35,92126,46788,0,0,197,5
316,2013,"Environment",47,2098321,108468,0,0,193,5
97,2012,"Environment",37,364620,132487,0,0,190,3
333,2018,"Environment",34,46417,2549,0,0,221,3
450,2022,"Health",27,377208,10258,0,1,221,1
503,2021,"Education",37,1339514,318,0,0,206,4
173,2024,"Arts",24,173350,16912,0,1,204,4
838,2018,"Education",27,306919,21279,1,0,175,2
75,2020,"Arts",19,2237726,46113,0,0,189,5
236,2012,"Health",26,302067,138679,1,1,187,3
664,2015,"Health",31,743378,48950,1,1,216,4
604,2017,"Health",30,247801,2643,0,0,217,4
469,2019,"Arts",28,143814,373573,0,0,188,3
211,2020,"Environment",30,1018639,33903,0,1,205,5
223,2018,"Other",38,212203,23774,0,1,209,3
316,2015,"Education",34,896399,77221,0,1,204,4
667,2021,"Environment",32,1529429,7670,0,1,181,3
815,2016,"Other",23,544020,161172,1,0,191,3
327,2012,"Other",33,3310800,289289,1,1,194,3
64,2023,"Environment",29,568115,39643,0,0,207,3
543,2023,"Other",37,658463,45449,0,1,187,5
764,2018,"Other",26,3700024,22960,1,1,228,5
51,2020,"Other",31,963659,155415,1,0,225,4
80,2023,"Education",35,399673,56499,0,1,225,2
287,2022,"Education",33,1099066,14528,0,0,189,2
716,2017,"Other",33,202668,13156,0,1,190,3
455,2022,"Arts",44,1419242,124506,0,0,191,3
521,2020,"Arts",27,3879656,10790,0,0,200,3
396,2014,"Arts",30,230619,28459,0,0,235,3
131,2023,"Other",36,287635,69091,1,1,218,4
96,2017,"Environment",32,1207000,117610,1,1,222,4
14,2012,"Other",26,201695,23793,0,1,205,3
308,2018,"Environment",25,63577,29754,0,1,209,5
692,2017,"Health",31,1567846,121459,0,1,207,2
771,2023,"Environment",29,177063,210754,0,1,193,2
31,2022,"Education",28,5840816,9427,0,0,211,3
735,2018,"Education",35,790938,197408,0,1,183,5
618,2018,"Arts",25,137839,12664,1,1,181,1
704,2014,"Arts",31,221263,83623,0,0,203,4
618,2024,"Other",27,54891,586,0,1,190,4
364,2014,"Arts",34,52597,47938,0,0,192,4
584,2021,"Health",26,209123,8436,0,1,203,3
253,2019,"Health",33,706134,71372,1,0,183,3
716,2014,"Environment",28,864564,54034,1,1,204,3
368,2014,"Education",35,1317907,29768,0,1,193,5
535,2012,"Other",27,1879930,61745,0,1,183,4
637,2021,"Environment",23,701229,172540,0,1,186,4
899,2012,"Arts",37,1415033,16780,1,1,187,3
234,2015,"Other",32,115890,54488,0,0,192,3
678,2019,"Education",25,790272,32007,1,1,166,4
889,2016,"Environment",33,1089743,96297,0,0,202,5
518,2024,"Education",21,342144,154454,1,0,193,3
129,2019,"Education",22,660153,145519,0,1,209,2
703,2014,"Other",31,396408,224229,0,0,196,3
287,2022,"Other",30,1007662,26438,0,0,222,5
150,2017,"Environment",29,105409,98577,0,1,237,3
29,2013,"Other",29,721324,198794,0,1,199,3
354,2021,"Arts",24,233942,86573,0,1,211,4
18,2015,"Other",30,178422,30421,1,1,198,4
365,2020,"Education",36,374681,230107,0,1,199,4
118,2024,"Arts",30,9117149,140525,0,1,201,4
115,2015,"Environment",30,194012,40069,1,0,199,4
895,2023,"Health",29,1806129,3733,1,1,214,1
175,2018,"Arts",34,739624,54034,1,0,209,2
32,2013,"Environment",32,1227933,65996,0,1,199,4
434,2022,"Other",27,6657164,34624,1,0,208,4
325,2019,"Health",29,169095,67183,0,1,201,5
470,2024,"Other",22,735897,66039,0,0,205,3
880,2015,"Other",41,794248,36767,1,1,183,4
250,2024,"Education",35,776078,134915,1,1,207,3
865,2019,"Education",34,110899,5810,1,0,226,4
620,2022,"Environment",31,268664,178148,0,0,226,3
233,2013,"Other",30,355225,281446,0,0,188,4
792,2017,"Health",37,154442,20702,1,0,204,3
461,2019,"Environment",29,57199,171070,1,0,192,4
679,2013,"Environment",27,635572,122605,0,1,220,2
233,2012,"Health",26,270666,231879,0,1,191,3
770,2015,"Environment",28,300815,46551,0,1,230,3
532,2015,"Arts",33,238748,94207,1,1,200,4
538,2022,"Environment",22,138108,186556,0,1,175,2
663,2014,"Arts",30,1467128,35844,0,1,191,4
593,2023,"Arts",31,343939,153752,1,1,197,3
800,2022,"Education",21,467645,27993,0,1,194,3
458,2023,"Health",28,337929,10902,0,0,201,4
101,2020,"Other",28,970384,155258,0,1,231,1
142,2020,"Arts",28,532487,122333,0,0,206,4
795,2015,"Education",28,915596,63207,0,0,194,1
132,2013,"Education",39,530963,20476,1,1,209,4
141,2014,"Health",34,1031841,211173,0,1,212,1
777,2014,"Other",23,2427670,209066,0,1,204,3
94,2017,"Education",35,687468,10649,0,1,214,2
750,2023,"Environment",31,103440,77527,0,0,210,3
5,2024,"Environment",27,1227877,23116,0,1,202,3
22,2023,"Health",33,186361,14037,0,0,208,3
444,2022,"Environment",30,711410,5099,0,0,187,5
515,2024,"Arts",30,171804,67901,0,1,198,3
305,2014,"Education",41,2269752,217453,1,1,207,5
282,2012,"Health",32,504730,150024,0,0,191,5
269,2013,"Arts",29,1418464,29583,0,0,214,5
723,2018,"Health",31,349309,19793,0,1,223,3
361,2021,"Arts",31,792276,108915,1,1,192,1
82,2012,"Arts",37,145232,3822,1,0,210,5
605,2021,"Health",44,1037919,24723,0,1,169,4
509,2012,"Other",25,1907100,11064,1,0,180,3
60,2016,"Environment",26,380463,13051,0,1,191,3
19,2023,"Other",29,184537,54591,0,0,221,5
73,2021,"Other",38,96082,33761,0,0,210,1
79,2017,"Other",31,464931,31097,0,0,153,3
184,2019,"Health",33,317765,184766,0,1,195,2
857,2020,"Other",34,384647,25569,0,1,224,5
573,2018,"Other",37,637607,75509,0,1,197,2
153,2013,"Other",27,1394822,35678,0,1,199,4
521,2019,"Arts",32,314865,47433,1,1,203,3
491,2024,"Arts",34,162023,75900,1,1,180,4
463,2015,"Health",31,1006287,69850,0,0,212,2
219,2012,"Education",39,1840784,74564,1,1,232,3
868,2014,"Environment",33,783623,11863,1,0,188,4
671,2021,"Arts",24,229034,76087,0,1,194,2
702,2012,"Education",40,201832,8144,0,1,207,3
72,2013,"Health",36,1827518,23456,0,0,200,3
51,2016,"Environment",28,363112,43494,0,1,203,2
855,2024,"Health",30,454394,51578,0,0,224,5
843,2015,"Arts",31,2585328,93996,0,1,181,5
350,2022,"Arts",29,72697,260564,0,0,195,5
309,2023,"Education",33,376405,2800,0,1,202,4
809,2023,"Education",34,802960,45611,0,0,177,5
461,2021,"Education",36,1391276,82246,1,1,203,5
243,2017,"Other",30,238712,40228,0,1,188,3
14,2019,"Other",36,1692099,156529,1,1,167,4
509,2022,"Health",36,470711,52253,0,1,209,4
690,2019,"Education",47,478776,34011,0,1,206,2
690,2012,"Education",30,259124,6662,0,1,189,4
128,2018,"Health",36,134352,102233,1,0,194,2
305,2019,"Other",31,226032,47653,0,0,217,3
485,2013,"Arts",28,374192,77983,0,0,186,4
556,2012,"Other",35,88386,6329,1,1,215,3
726,2019,"Arts",33,771409,87518,1,1,219,1
362,2023,"Other",32,113749,44095,0,0,207,4
697,2024,"Arts",32,215795,158815,0,1,196,3
340,2020,"Health",39,56685,62147,0,0,202,4
296,2015,"Environment",31,519717,106045,0,0,217,4
511,2021,"Education",29,774594,15839,1,1,199,3
509,2013,"Education",28,634054,188399,1,0,224,3
3,2021,"Other",34,978634,468,1,0,202,4
827,2019,"Education",26,523108,5066,0,1,224,3
668,2024,"Education",29,436627,35180,0,1,172,4
822,2015,"Health",32,259481,168287,0,1,212,3
402,2012,"Arts",36,1408589,148976,0,1,185,3
886,2023,"Other",31,638927,78296,1,0,233,2
609,2016,"Health",32,960580,13846,1,1,199,4
872,2012,"Other",35,865957,98589,1,1,172,4
852,2021,"Other",37,835152,19698,0,1,202,2
270,2017,"Other",31,321058,58748,0,0,225,4
541,2021,"Health",39,479553,20856,1,0,213,4
571,2022,"Environment",31,873073,43504,0,0,201,3
588,2021,"Health",31,198463,151770,0,1,192,5
524,2021,"Environment",33,119139,16802,0,1,198,5
624,2020,"Environment",33,157892,367921,0,1,188,4
533,2016,"Other",31,817578,301316,0,1,222,3
892,2019,"Other",39,555390,110916,1,0,214,4
450,2021,"Health",38,1623629,21775,1,1,217,5
840,2015,"Environment",20,168393,39376,1,0,195,4
138,2021,"Environment",21,982390,58629,1,1,191,1
747,2018,"Other",26,690791,10530,0,1,207,3
226,2017,"Health",28,517171,35540,0,0,190,3
285,2022,"Other",26,487373,13151,0,1,193,2
376,2021,"Education",38,827826,28426,1,1,200,1
315,2017,"Health",38,1106328,12338,0,1,189,3
526,2013,"Environment",39,644719,231032,1,0,214,5
118,2018,"Health",26,1286595,27181,1,1,176,4
106,2022,"Health",34,1226482,23782,1,0,211,3
219,2016,"Health",29,1442409,27543,0,0,217,4
708,2024,"Other",26,9253948,9510,0,1,216,3
282,2013,"Arts",34,168015,97971,0,1,203,5
309,2015,"Environment",28,437945,1020,1,0,183,3
798,2016,"Arts",34,179614,47739,0,0,213,3
455,2017,"Environment",27,1039977,12599,0,1,215,3
617,2017,"Health",31,490404,141697,0,1,189,4
190,2020,"Health",30,604567,830,0,1,211,4
735,2014,"Other",44,1257251,228602,1,1,202,1
150,2013,"Arts",38,870888,60041,0,0,199,2
543,2022,"Education",37,369815,4650,1,1,209,5
4,2024,"Education",29,836162,128771,1,1,198,4
654,2020,"Environment",31,1319473,4855,0,0,178,3
708,2013,"Environment",37,340945,157420,0,0,208,3
791,2021,"Other",29,604011,43955,1,1,188,3
732,2019,"Other",32,1416461,65944,1,0,208,4
399,2022,"Environment",27,295460,12483,0,0,182,3
382,2016,"Environment",23,210007,97903,0,1,236,5
866,2018,"Other",38,28043,59486,0,1,197,4
789,2020,"Health",32,645960,76793,0,1,203,4
38,2013,"Education",32,1763372,99568,1,0,215,4
848,2017,"Environment",21,1765951,4773,0,0,210,5
689,2016,"Arts",24,477640,106247,1,1,197,3
423,2019,"Arts",35,907217,152976,1,0,183,4
856,2021,"Education",32,992080,101030,0,0,185,2
75,2023,"Health",28,796498,49357,0,1,199,3
47,2022,"Environment",32,485328,23585,1,0,180,3
832,2015,"Other",26,928998,31798,0,0,219,5
619,2014,"Environment",33,88119,106785,0,0,202,4
444,2012,"Environment",37,552440,41344,0,1,202,4
519,2019,"Arts",32,572058,176158,0,1,178,3
449,2014,"Health",31,198390,77225,0,1,200,4
255,2021,"Arts",25,3005749,157385,0,1,203,3
558,2023,"Arts",30,401598,205143,0,0,205,2
341,2024,"Health",31,492584,37581,0,0,193,2
541,2023,"Health",26,361793,152868,0,1,216,4
515,2024,"Environment",35,318576,112867,1,1,209,4
172,2022,"Arts",32,428497,1485,1,0,213,5
399,2012,"Environment",23,1470217,77804,1,1,202,5
385,2023,"Arts",45,413291,85790,1,1,201,4
832,2018,"Environment",34,110111,70521,0,1,223,5
339,2014,"Environment",34,1394203,23606,1,1,192,5
571,2018,"Other",35,194143,3038,0,1,195,5
485,2015,"Environment",28,422999,50072,0,1,189,3
892,2024,"Other",33,679765,110115,1,1,200,4
105,2015,"Arts",33,178397,21393,0,0,210,5
466,2023,"Environment",35,550850,123335,1,1,186,4
83,2018,"Health",33,187798,105321,0,1,184,2
637,2012,"Other",30,386503,118081,0,0,203,2
348,2020,"Arts",27,396379,94901,0,0,209,3
296,2021,"Environment",38,233884,43455,0,1,189,4
57,2013,"Environment",41,102181,94890,0,1,192,4
537,2022,"Arts",32,331768,196433,0,0,195,4
221,2015,"Education",24,1324265,122974,0,1,209,4
629,2015,"Environment",31,335817,110054,0,1,196,5
111,2019,"Education",31,377408,31120,0,0,191,4
550,2023,"Education",32,537759,23862,0,0,191,5
726,2018,"Health",29,164473,95948,1,1,209,4
332,2014,"Arts",27,172371,53088,0,0,188,5
699,2023,"Arts",35,374726,138436,0,0,190,3
524,2013,"Arts",34,941270,23703,0,0,228,3
710,2017,"Arts",36,1663651,88937,1,1,196,3
231,2014,"Health",28,371262,90987,0,0,205,1
715,2021,"Arts",35,460261,77790,0,1,184,3
706,2019,"Education",29,1524141,14826,1,1,195,2
403,2017,"Other",26,297705,91823,0,0,236,4
826,2020,"Other",33,344360,22902,0,1,182,4
290,2023,"Environment",35,327071,118208,0,1,189,4
7,2015,"Arts",31,783535,57982,1,0,186,4
554,2024,"Health",29,96470,28655,1,0,186,4
416,2020,"Health",29,392856,81544,0,1,195,3
192,2020,"Other",29,498374,126519,0,0,216,3
813,2019,"Environment",33,513096,8039,0,0,198,1
601,2022,"Arts",35,892663,59529,0,0,188,3
175,2024,"Environment",31,413116,390397,1,1,198,4
459,2020,"Arts",36,267178,45159,0,1,207,4
680,2018,"Health",44,903146,111221,1,1,217,2
296,2021,"Arts",30,415110,56984,0,1,198,1
853,2023,"Education",24,122658,18317,0,1,212,3
684,2016,"Arts",33,343620,57411,1,1,176,2
748,2022,"Arts",36,8186990,106733,0,1,208,3
336,2024,"Other",30,696864,129688,1,1,218,2
280,2020,"Environment",30,429505,164820,0,1,208,4
494,2018,"Health",22,5140971,85971,1,1,222,3
347,2015,"Environment",41,1458362,72338,1,1,204,4
368,2015,"Education",41,250606,602,0,1,231,4
486,2012,"Health",38,283697,20666,0,1,216,2
701,2024,"Other",23,94496,18983,1,1,207,5
805,2021,"Arts",29,103989,3778,0,0,201,3
457,2022,"Environment",43,454473,21867,1,1,213,4
12,2023,"Arts",32,639775,135244,0,1,211,4
125,2013,"Health",37,1916380,82917,0,1,190,5
159,2022,"Other",27,169059,49700,0,0,203,3
688,2024,"Arts",26,2429049,204561,0,0,186,4
676,2019,"Environment",37,239655,4206,1,1,201,3
693,2023,"Education",21,319444,183307,1,0,189,3
423,2014,"Environment",42,247158,251021,1,0,188,4
309,2024,"Other",32,139782,53732,0,1,207,3
678,2017,"Arts",29,4067489,53327,0,1,190,4
733,2019,"Education",32,414537,33711,0,0,199,4
312,2015,"Health",33,395557,149071,0,0,202,4
716,2017,"Arts",31,1825330,9724,0,0,209,4
1,2022,"Environment",40,207361,310818,1,0,180,3
273,2015,"Environment",30,407083,109974,1,1,218,4
318,2014,"Other",34,429202,28398,0,1,203,5
687,2018,"Other",29,1023842,62250,0,0,192,5
488,2021,"Other",33,810378,23602,0,1,222,5
20,2022,"Other",34,4235262,30803,0,0,208,5
521,2017,"Other",23,1003431,128723,0,1,228,5
822,2021,"Arts",36,234207,98831,0,1,185,4
378,2013,"Health",34,164881,9038,1,1,202,3
148,2024,"Environment",37,312845,29458,0,0,193,4
660,2020,"Education",34,477922,153120,0,0,208,4
553,2022,"Environment",25,1516713,193957,0,1,204,4
562,2012,"Other",27,405396,46574,1,1,226,4
376,2018,"Environment",33,1741667,68676,1,1,213,5
57,2020,"Other",40,2485667,3562,0,1,216,3
41,2019,"Other",32,399314,44147,0,0,192,5
261,2017,"Arts",24,5539766,62544,0,1,182,4
153,2023,"Arts",34,898382,22202,0,0,213,3
23,2019,"Other",31,626637,22020,0,1,204,4
101,2014,"Health",30,226425,47720,0,0,197,3
211,2019,"Education",38,310765,104762,0,1,188,1
